Hospital_name,Latitude,Longitude
Trạm y tế,20.9209274,106.0948577
Cong Ty CP Benh Vien Da Khoa Hoa Xuan,16.0681938,108.2013645
Benh Vien Y Hoc Co Truyen Tp.Da Nang,16.054196,108.2190335
Benh Vien Phu Nu Tp.Da Nang,16.0569875,108.2182556
Trung Tam Bac Si Gia Dinh Da Nang,16.0536495,108.2089108
Benh Vien Ngoai Khoa Nguyen Van Thai,16.0541328,108.233067
Hoan My General Hospital,16.059401,108.2098753
Benh Vien Da Khoa Binh Dan,16.0713797,108.2001187
Benh Vien Tu Binh Dan,16.0686754,108.2189349
Trung Tam Phuc Hoi Co Nhi Suy Dinh Duong Da Nang,16.0824806,108.2205999
Benh Vien Y Hoc Co Truyen Tp Da Nang,16.0249226,108.2142699
Chưa có tên,10.7929834,106.6704335
TTYT Cộng Đồng,21.1071523,106.3974123
Trung Tâm Y Tế Dự Phòng - Phòng Khám Tiêm Phòng,10.764268,106.707021
Phòng Chẩn Trị Y Học Cổ Truyền Tư Nhân,10.5371749,106.4121969
Bệnh Viện Đa Khoa Long An - Khoa Nội A1,10.5392545,106.4194209
Điểm Sơ Cấp Cứu,10.5448297,106.3882369
Phòng Khám Đa Khoa Trung Tâm Y Tế Đà Lạt,11.9398477,108.4329545
Trạm y tế Tân Biên,11.5478023,106.0016526
Lang Co Hospital,16.2367913,108.078659
Bệnh viện Đại học Tây Nguyên,12.6504798,108.0230837
Trạm Y Tế Xã Quang Thiện,20.0987549,106.1047138
Trạm y tế xã Nậm Mòn,22.4861752,104.2486435
Hội Đông Y,10.0296653,105.7762811
Trạm Y tế P. Xuân Khánh,10.0306927,105.7731243
Nha khoa Hưng Lợi,10.0223343,105.7659144
Trạm y tế Hưng Lợi,10.0210749,105.7699058
Trung tâm y tế dự phòng Cần Thơ,10.0440487,105.7816809
TT Nha khoa Mỹ Thuật Cao,10.0437641,105.7815365
Trạm Y tế,10.0402647,105.785331
Trạm Y tế Cái Khế,10.0451555,105.7826643
Bệnh viện phụ sản quốc tế Phương Châu,10.0303545,105.7513901
Bệnh Viện Bình Dân,10.3751746,105.4416699
Trạm Y tế Mỹ Phước,10.3655131,105.4435206
Bệnh viện Hạnh Phúc,10.3552363,105.4584414
Trạm Y tế phường Mỹ Thạnh,10.3460092,105.4666627
Trạm Y tế phường Mỹ Thới,10.3458084,105.4667325
Bệnh viện Mỹ Tú,9.634081,105.8114188
Chưa có tên,16.1016726,108.2486987
Raffles Internation Health Clinic,10.3503097,107.0714235
Trạm Y tế Bình An,10.1615278,104.6142991
Trạm y tế Dương Hòa,10.3040973,104.5335152
Trạm Y tế xã Thới Hưng,10.1227951,105.5267268
trạm y tế xã xuân thắng,10.0840697,105.547602
trạm y tế Tân Hưng,10.1876873,105.5506934
Bênh viện Quân Y,13.0969173,109.3148522
Bênh viện Y học Cổ truyền,20.8543991,106.6741672
Nha khoa quốc tế,20.8478209,106.6716269
Bệnh viện Phụ sản Mekong,10.7998479,106.6675233
Bệnh Viện Đa Khoa Thăng Long,20.9542742,105.8384237
Columbia Asia Saigon,10.7795758,106.6965213
Bệnh viện phụ sản Vuông Tròn,10.3785311,105.4348273
Trung Tâm Chẩn Đoán Y Khoa Medic - BV Hòa Hảo,10.762528,106.6701859
Bệnh viện Đa khoa Quốc Tế Miền Đông,10.9034999,106.7102737
Trạm y tế xã Tân Phong,20.7358759,106.711328
Trạm Y tế xã Thạnh Mỹ,10.2477654,105.412925
Bệnh viện Đa khoa huyện Vĩnh Thạnh,10.2363471,105.4023571
Paris Miki Vietnam,21.0492003,105.8400348
Trạm Y tế Bình Thành,10.5431087,105.5374986
Bác sĩ Thanh Tú - Tim Mạch,10.4620627,105.6300593
Trạm Y tế Hòa Thuận,10.4619383,105.6279102
Bác sĩ Cường,10.5401518,105.5403949
TYT Phường 6,10.4299931,105.634159
Chưa có tên,12.6909493,108.0303902
Trạm y tế Xã Bình Dương,21.2461978,105.5182179
Vinmec,10.3365974,103.8565939
Bệnh viện Mắt Thái Nguyên,21.6015817,105.8240667
Trạm y tế xã Nga Thủy,19.9799057,105.9841948
Thuốc Nam Thầy Thanh,11.0253391,106.6312288
Chưa có tên,10.3756299,106.3259999
Bệnh Viện Quốc Tế Minh Anh,10.747644,106.6143869
Bệnh Viện Mắt Sài Gòn,10.7713711,106.6909391
Chưa có tên,10.5579943,105.2854773
Phòng Thí Nghiệm - Kiểm Tra Sức Khoẻ,10.7603786,106.6798139
HTV,10.9298113,106.6855964
Bệnh Viện Tâm Thần tp. Cần thơ,10.0130976,105.7570655
bien vien le ngoc tung,11.3084036,106.1077786
Chưa có tên,10.7774803,106.6432036
Bệnh viện Huyện Cưkuin,12.6277006,108.126092
Bệnh Viện Tuy Phong,11.2287571,108.7278198
Bệnh Viện Đa Khoa Mỹ Đức,10.7999684,106.6415956
Trung Tam y te du phong tinh binh dinh (Vaccination center),13.7927447,109.2045626
bệnh viện quân y 108,20.6739919,105.3161392
Nhà Thuốc Thái Thanh,10.7255507,106.7339143
Pacific Hospital,15.8843233,108.3280358
Trạm y tế xã Bản Phùng,22.7849984,104.5824129
Bệnh Viện Đa Khoa Quang Khởi,19.247909,105.707136
Chưa có tên,22.3976707,103.8405279
Chưa có tên,22.3661486,103.857035
Khu Điều Trị,22.6567563,106.2622083
Mái ấm tình thương,22.2563829,106.4753374
An Phước,10.9321621,108.0978252
Chưa có tên,21.7078923,104.9960015
Chưa có tên,19.5798227,105.756528
Chưa có tên,19.5770364,105.7542099
Bệnh viện Đa Khoa KV Ninh Hoà,12.50917,109.137285
An Phước,10.9324448,108.097889
bệnh viện quốc tế VINMEC,16.0387848,108.2112894
Chưa có tên,10.7845666,106.7688866
ca xa Mỹ phú,10.6370445,105.2023123
Trung Tâm Hiến Múa Nhân Đạo,10.7756389,106.6557898
BV Binh Thuan,10.9176855,108.0847481
Chưa có tên,22.3460908,103.8571672
Đa khoa tw,10.0763554,105.7489456
Phòng Khám YHCT Gia Đức,10.0197355,105.7687082
Chưa có tên,12.2530712,109.1776875
CX vịnh tre,10.6021742,105.2195665
Phòng khám đa khoa Hoàn hảo,10.029377,105.7537586
Bệnh viện Đa khoa Kinh Bắc,21.1633089,106.0749746
Trung tâm ý tế xã Phú Thuận,8.9168807,104.9384527
Trung tâm y tế dự phòng quận Hà Đông,20.9677609,105.7789877
Bệnh viện Đa khoa Hoàn Hảo Medic Cần Thơ,10.0490309,105.7766544
Beệnh viện phụ sản quốc tế Phương Châu,10.0298526,105.750559
Hội Chữ Thập Đỏ Việt Nam Thành Phố Cần Thơ,10.0443305,105.7789192
Trạm y tế phường An Thới,10.061234,105.763903
phòng chuẩn trị y học cổ truyền tư nhân TRINH vương,10.0208,105.77126
Trạm Y Tế An Phú,10.0330366,105.7797441
Phòng khám chuyên khoa Ung bướu,10.0292299,105.7717384
Trạm Y tế Xã Mỹ Khánh,9.9954674,105.7155535
Bệnh Viện Hòa Hảo,10.7626193,106.6702604
Trạm y tế Long Tuyền,10.0247709,105.719617
Chưa có tên,22.4870609,103.9789742
Công Ty Cổ Phần Dược Phẩm Thiết bị Y tế Hà Tĩnh,18.3460042,105.8903097
Nhà thuốc Thành Sen,18.3359062,105.8929872
Phòng Khám Đa Khoa Thế Giới,10.7519331,106.6843795
Columbia Asia Hospital,10.9507189,106.7070657
Bệnh viện Thanh Vũ Bạc Liêu,9.3118109,105.7146461
Trạm y tế xã Hiếu,14.6523987,108.4397431
Cổng bảo vệ hướng Nam Kỳ Khởi Nghĩa,15.9782232,108.2619988
Cổng bảo vệ hướng Hẻm 10/6 Trần Đại Nghĩa,15.979136,108.2633077
Cổng bảo vệ Sân bóng Fpt Software,15.979252,108.2610305
Bệnh viện đa khoa Hợp Lực,19.8276263,105.7786405
Chưa có tên,20.921967,105.882146
Bệnh Viện Đa Khoa Trà Ôn,9.9699732,105.9219342
Chưa có tên,15.8791223,108.3195682
Phòng khám Đa khoa Quốc tế Hà Nội,21.0101268,105.8382699
DAI GIANG,10.7704948,105.1100804
Nhà hộ sinh A,21.024432,105.8548261
bệnh viện cát lâm 2,11.5675731,107.3114917
Bệnh viện Đa khoa Tâm Trí Đà Nẵng,16.02277,108.2143058
Nguyễn Hồng Trang ( Kế Toán Trưởng BV Cư Jut,12.5828235,107.9002105
Trạm Y tế xã Nghĩa Hương,20.9727604,105.6144225
Bệnh Viện Sài Gòn ITO,10.7950017,106.6672345
Phòng Khám Đa Khoa Hữu Nghị,10.848021,106.6783081
Vinmec Marina,20.8228435,106.6875837
Dana Dental - Nha Khoa Đà Nẵng,16.0619222,108.2139467
Bệnh Viện Đa Khoa Thành An - Thăng Long,21.1744345,106.0543626
Hopital,16.5519586,107.4406861
Chưa có tên,10.7480919,106.5849097
Trạm YT xã TS,9.7392039,106.2598543
Bác sĩ Nhiên,9.7383025,106.2613698
Phòng khám đa khoa quốc tế Nhân Hậu,10.7585783,106.6617832
An trà,10.4029034,104.8983188
Lăm trường,10.343133,104.8571901
Phòng Khám Đa Khoa An Phúc,10.7587193,106.6621153
Trạm Y Tế Phường 7 Quận Phú Nhuận,10.8037745,106.6866028
Phòng khám ACC Đà Nẵng,16.0556207,108.2220154
Bệnh viện Đa khoa Xuyên Á,10.2604931,105.9406182
Chưa có tên,10.4092189,104.030029
Bệnh viện Đa khoa Sài Gòn – Nam Định,20.4366506,106.1578586
Bệnh viện đa khoa Yên Bình,21.4050891,105.8743812
Tree Spa,12.6741148,108.0456056
Chưa có tên,16.4869905,107.571484
Trạm Y tế Phụng Châu,20.9471543,105.7078282
Trạm Y Tế xã Đại Chánh,15.8098343,108.0377451
Thien Nhan Hospital,16.076597,108.2158614
Phòng Khám Đa Khoa Bảo An,21.0006572,106.5390806
Huong Dat Dental Clinic,16.0691553,108.183752
Thẩm mỹ viện Hoàn Mỹ Cần Thơ,9.9778596,105.8144205
Trung tâm Chăm sóc Sức khoẻ Người cao tuổi Hoa Sen - Lotus Care,21.039913,105.7472566
Nha Khoa,21.0651797,105.7628554
Phòng Khám Đa Khoa Medlatec,21.0472605,105.8140405
Trung tâm tiêm ᴄhủng Fivevac,20.9301069,105.8481456
Bệnh viện Y Tế Phúc Thái,21.4535845,105.862155
Trung tâm Y tế huyện Đồng Hỷ,21.631086,105.8443464
Chưa có tên,21.4054327,105.8750175
Bệnh Viện Minh Đức,10.2398715,106.3675519
Nhà thuốc Thanh Nhàn,16.4669155,107.5734018
"Nấm Lim Xanh, Sâm Ngọc Linh",15.4856805,108.311425
Bệnh viện Đa khoa Thiện Nhân,21.1531635,106.1555431
Bệnh viện Đa khoa Tân Hưng,10.7515951,106.696342
Bệnh Viện Hoà Hảo,10.8699419,106.7631673
Bệnh Viện Đa Khoa Quốc Tế Bắc Hà,21.0431119,105.8711851
Trạm Y Tế Phường KIến Hưng,20.960142,105.7884888
Bệnh viện Đa khoa Tâm Trí Sài Gòn,10.8317212,106.6218645
Trạm Y Tế Xã Kim An,20.8487843,105.7573208
Bệnh Viện Đa khoa An Phú,10.9475149,106.7371674
Bệnh Viện Hoàn Hảo 2,10.8910082,106.7273892
Bệnh viện Gia An 115,10.7405442,106.607722
Thu Cúc TCI Thanh Xuân,20.9992267,105.8141044
Chưa có tên,20.8559832,106.682623
Trạm Y Tế Lương Nội,20.3552675,105.3749752
Trung tâm Nghiên cứu và Ứng dụng Y học cổ truyền CTA,21.0511017,105.790782
Bệnh viện Tuệ Tĩnh,20.984612,105.7928536
Bệnh viện Quận 1 (cơ sở 2),10.7651115,106.6932273
Chưa có tên,20.9777275,105.9018259
BỆNH VIỆN MẮT,10.7441887,106.7275329
Chưa có tên,21.0689223,105.7616027
Phòng khám đa khoa YHCT Thiên Phúc Đường,10.8558331,106.7665022
Trạm y tế Khương Hạ,20.9920389,105.8166469
Bệnh Viện Tâm Thần tỉnh Bến Tre,10.2690607,106.3916986
Bệnh Viện YHCT Trần Văn An,10.2453373,106.3628742
Trạm y tế xã An Linh,11.3590399,106.7256654
Chưa có tên,20.9245983,105.8885189
Nhà thuốc đông y Bùi Tộc,20.924333,105.8908793
Bệnh viện Đại học Quốc gia Hà Nội,20.9908736,105.7965721
188 Beauty Spa quận 12 | Viện thẩm mỹ hàng đầu tpHCM,10.8763131,106.6406947
Trung Tâm Y Tế Huyện Nhơn Trạch Tram Y Tế Xã Phước Khánh,10.6798522,106.7874696
Bệnh viện đa khoa Hồng Hưng,11.2908098,106.1195624
Trạm Y Tế Xã Bình Trinh Đông,10.5393794,106.5156639
Bệnh viện Quốc tế Dolife,21.0334322,105.7714164
Bệnh viện Cần Đước,10.5145217,106.6042986
Trạm y tế xã Phước Đông,10.4886683,106.6222104
Trạm Y Tế Xã Tân Ân,10.4953379,106.5962387
Trạm Y Tế Xã An Hòa,10.8888316,106.8616285
Bệnh viện Tâm thần tỉnh Điện Biên,21.3837456,103.03623
Duck's Hospital,21.0662593,105.7819381
Tram Xa Co Nhue,21.0576234,105.7836205
Prestige international polyclinic,12.2522561,109.1883141
Kyo,10.8375648,106.8153901
Trạm y tế phường Tây Mỗ (Cơ sở 2),21.0018973,105.7512096
Bệnh viện Mắt Kỹ thuật cao Hà Nội,21.0168006,105.849466
Bệnh viện Mắt Việt Nhật,21.0145775,105.8502987
Trạm Y tế phường Hàng Mã,21.039512,105.8472708
Bệnh viện Hữu nghị Quốc tế Hà Nội,21.0040429,105.7496348
Bệnh viện đa khoa Nông nghiệp 2,21.0135889,105.8209988
Bệnh viện Đa khoa Hoè Nhai - Cơ sở 2,21.0471714,105.8458691
Phòng Khám Dr Vein,10.7278961,106.7080164
Trạm y tế Phường Vạn Phúc,20.9789324,105.7751087
Bệnh Viện Đa Khoa Huyện Thạnh Phú,9.9514598,106.5153094
Nha Khoa SingDent,10.7404252,106.6998107
Chưa có tên,21.1601464,106.126063
Wedo Skin Clinic Quan 1,10.7888402,106.6974043
Wedo Skin Clinic,10.7982784,106.7384179
BlueSAO VIỆT NAM,10.9585849,106.8010104
Chưa có tên,17.2162359,106.4513607
Phòng khám Đa Khoa Quốc Tế Việt Sing - Bắc Ninh,21.1733222,106.0546691
Viện thấm mỹ Bác sĩ Minh,10.7575935,106.6782304
Chưa có tên,21.3205185,103.9167157
Phòng khám Đắc Tín,11.0692339,106.6589666
Bệnh viện mắt Sài Gòn Hà Nội 1,21.0115478,105.8104566
Bệnh viện phục hồi chức năng,20.9994521,105.8048434
Som trach,17.6257685,106.3003224
Trung tâm tiêm chủng VNVC Quế Võ,21.1548705,106.1403373
Trung tâm Y tế huyện Cầu Kè,9.8689503,106.0540582
Chưa có tên,21.1830187,106.0726404
Bệnh viện Dệt May,20.9965075,105.8651351
Bệnh viện Đại Học Nam Cần Thơ,10.0011519,105.7686427
Trạm y tế phường Tây Mỗ (Cơ sở 1),20.9954672,105.7560256
Phòng khám bác sĩ Hồ Cao Vũ,10.7278806,106.708011
Phòng khám đa khoa Bệnh viện Đại học Y Hà Nội - Cơ sở Cầu Giấy,21.0350951,105.7910343
Bệnh Viện Thẩm Mỹ Siam Thailand,10.7605922,106.6855655
Bệnh viện Đa khoa Hà Thành,21.026761,105.8265759
Bệnh Viện Đa Khoa Quốc tế Phúc Lâm,20.9429462,105.9478414
Chưa có tên,10.7105722,105.1185369
bệnh viên,17.302455,106.6619309
Yoga trị liệu l Ci Yoga Therapy CN Celadon,10.8054227,106.6151358
Bệnh Viện Mắt Sài Gòn Cần Thơ,10.0095878,105.7520198
Phòng khám đa khoa Tâm Anh Cầu Giấy,21.0345866,105.7945866
Phòng tiêm chủng Vắc-xin POTEC 89.3 Khoái Châu,20.8381767,105.9790303
Chưa có tên,20.8468305,105.8490537
Trạm y tế xã Quang Minh - Điểm y tế Giai Lạc,21.2063908,105.7676576
Chưa có tên,21.3964541,106.1258593
Lam Thao pharmacy store,10.9429199,106.8646578
Viện Dưỡng Lão Tuyết Thái,21.1222383,105.756898
Bệnh Viện Thuận An,10.9090145,106.7019094
Nam tân Uyên,11.0444737,106.7312059
Phòng khám Medisen Thư An,10.7366377,106.7130832
Bệnh Viện Phục Hồi Chức Năng,20.700471,106.7878758
Nha Khoa Thiện Tâm An,20.9642885,105.8260417
Chưa có tên,22.3750897,105.6006213
Bệnh viện Quân y C17,16.0542165,108.2073008
Bệnh viện Đa khoa Trung ương Cần Thơ,10.0294593,105.7557932
Bệnh viện Quân y 175,10.8184252,106.6808112
Bệnh viện Nhân dân Gia Định,10.8039083,106.6941137
Bệnh Viện Quốc Tế Columbia Asia,10.8032232,106.6945681
Bệnh viện Bệnh Nhiệt đới Trung ương,21.0021332,105.8388831
Bệnh viện Nội tiết Trung ương,21.0123966,105.8150138
Bệnh viện Thể thao Việt Nam,21.0231218,105.7614767
Bệnh viện Pháp Việt,10.7323638,106.7179388
Bệnh viện Tim Tâm Đức,10.7334899,106.7177983
Bệnh viện Quân y 354,21.0400936,105.8120457
Bệnh viện Đa khoa huyện Kim Sơn,20.0940592,106.0816318
Trung tâm Y tế huyện Nam Trực,20.3396196,106.2137183
Bệnh viện Đa khoa Đống Đa,21.0155559,105.8267948
Bệnh viện Phổi Trung ương,21.0423434,105.8134109
Trung tâm Y tế huyện Châu Phú,10.5972909,105.221937
Bệnh viện Tai-Mũi-Họng Thành phố Cần Thơ,10.0348915,105.7756919
Bệnh viện Y học cổ truyền thành phố Cần Thơ,10.0127399,105.7584454
Bệnh viện Da liễu thành phố Cần Thơ,10.0133779,105.7551037
Bệnh viện Phụ sản thành phố Cần Thơ,10.050819,105.7767315
hospital_HoanMyCuuLong stories 4,10.0057439,105.7992785
Bệnh viện Quân y 121,10.0292078,105.7823795
Bệnh viện quân Y,10.3983066,105.4227934
Bệnh viện Đa khoa Sa Đéc,10.2881037,105.770839
Trung tâm Y tế khu vực Thốt Nốt,10.2656169,105.5406431
Trung tâm Y tế huyện Châu Thành,10.4401324,105.3934075
Bệnh viện Đa khoa Đồng Tháp,10.471615,105.6275867
Bệnh viện Quân dân y Đồng Tháp,10.4670558,105.6357284
Bệnh viện Phục hồi chức năng Đồng Tháp,10.4674715,105.6365734
Bệnh viện Nhật Tân,10.70355,105.1259434
Trung tâm Y tế huyện An Phú,10.8160003,105.0867467
Bệnh viện Đa khoa khu vực Hồng Ngự,10.8036865,105.3515292
Bệnh viện Domedic,10.4756529,105.6122967
Bệnh viện Phổi tỉnh Đắk Lắk,12.6788979,108.0053661
Bệnh viện Tâm thần tỉnh Đắk Lắk,12.6795757,108.0053949
Bệnh viện Nhi đồng 2,10.7814535,106.7028174
Bệnh viện Nhân dân Gia Định - cơ sở 2,10.7720169,106.6994936
Bệnh viện Đa khoa Khánh Hội,10.7652457,106.7021855
Bệnh viện Hùng Vương,10.7562251,106.6616571
Bệnh viện 30 Tháng 4,10.7590776,106.6730558
Bệnh viện An Bình,10.7541327,106.6722008
Bệnh viện Truyền máu Huyết học,10.7565034,106.6658762
Bệnh viện Bệnh Nhiệt đới,10.7531975,106.6783574
Bệnh viện Phạm Ngọc Thạch,10.7572199,106.6650519
Bệnh viện Đại học Y Dược Thành phố Hồ Chí Minh,10.7552707,106.6645719
Bệnh viện Nguyễn Trãi,10.7568408,106.6750363
Viện Pasteur Thành phố Hồ Chí Minh,10.786266,106.688855
Phòng Khám Y Tế Nha Khoa Quốc Tế SOS,21.0637284,105.8274354
Bệnh viện Thống Nhất,10.7910792,106.6535424
Bệnh viện Phụ sản Hà Nội,21.0268213,105.8074644
Bệnh viện Nhi Trung ương,21.0249118,105.8083673
Bệnh viện Đa khoa Vĩnh Long,10.2318033,105.9889527
Bệnh viện Đa khoa Xanh Pôn,21.0312292,105.8351549
Bệnh viện Bạch Mai,21.0018102,105.8394004
Bệnh viện Trung ương Quân đội 108,21.0163854,105.8606157
Trung tâm y tế Vietsovpetro,10.3602708,107.0838967
Trung tâm Y tế Kiên Lương,10.2518065,104.5979035
Bệnh viện Quốc tế Hạnh Phúc,10.8678097,106.7142927
Bệnh viện Đa khoa số 10,9.9687387,105.7383973
Bệnh viện Mắt Thành phố Hồ Chí Minh,10.7787242,106.6849361
Trung tâm Y tế khu vực Ô Môn,10.1141718,105.6229931
Bệnh viện Đa khoa Bạc Liêu,9.2833612,105.7196048
Bệnh viện Đa khoa Thiện Hạnh,12.6986678,108.0708632
Bệnh viện Đa khoa Nguyễn Thị Thập,10.737275,106.7240834
Trung tâm Y tế huyện Tây Sơn,13.9094625,108.9235637
Bệnh viện Phong - Da liễu Trung ương Quy Hòa,13.7220746,109.2150005
Trạm xá,13.0968492,109.314674
Bệnh viện Y học cổ truyền Phú Yên,13.1048135,109.3118486
Bệnh viện Mắt Phú Yên,13.0922983,109.3025702
Trung tâm Y tế Phù Cát,14.0071648,109.0606154
Trung tâm Y tế An Nhơn,13.9007623,109.1079376
Bệnh viện Đa khoa khu vực Bồng Sơn,14.4345318,109.018433
Bệnh viện Đa khoa tỉnh Ninh Bình,20.2442377,105.9654762
Bệnh viện Quân y 5,20.2512317,105.9689796
Bệnh viện Y học cổ truyền Bảo Lộc,11.5448334,107.8238324
Bệnh viện Trưng Vương,10.7708709,106.6595573
TT Y tế dự phòng Đăk Lăk,12.6677459,108.0393416
Viện Y học biển Việt Nam,20.8306611,106.6853344
Bệnh viện Hữu nghị Việt Tiệp,20.8527135,106.671534
Bệnh viện Đa khoa Quốc tế Hải Phòng,20.8533437,106.6727035
BV Thượng Lý,20.8593941,106.6660764
Bệnh viện Đại học Y Hải Phòng,20.837165,106.6961712
Viện quân y 7,20.865017,106.6801313
BV đa khoa Hải An,20.8249116,106.7094167
Bệnh Viện Văn Cao,20.8345398,106.7019663
Bệnh viện Đa khoa Ngô Quyền,20.8600741,106.695115
Bệnh viện đa khoa Lê Chân II,20.8487056,106.6640771
Trung tâm Y tế dự phòng Huyện Tây Sơn,13.9122145,108.9141601
Bênh viện Phụ sản Hải Phòng,20.8596078,106.6830217
Bệnh viện Đa khoa Buôn Ma Thuột,12.6934282,108.0476654
Viên Y học Hải quân,20.8225799,106.6990971
Bệnh viện Tâm thần Hải Phòng,20.8501459,106.7011021
Bệnh viện Tâm thần Hải Phòng (khu 2),20.8505849,106.7003635
Bệnh viện Y học cổ truyền tỉnh Đắk Lắk,12.695862,108.0667551
TRạm y tế Kiều Hạ,20.8509134,106.730955
Bệnh viện Nhi đồng 1,10.7688069,106.6699394
Trung tâm Y tế Văn Giang,20.9510699,105.9441322
Bệnh Viện Công An TPHP,20.8418801,106.70254
Bệnh viện Sông Hồng,20.9832401,105.9231751
Bệnh viện Da liễu,10.7767949,106.6868606
Bệnh viện Đa khoa Bà Rịa,10.5094268,107.1969894
Trung tâm Y tế Phường Kim Dinh,10.5056194,107.1306361
Bệnh viện Quân Dân Y,10.5080898,107.1941958
Trung tâm Y tế huyện Nhơn Trạch,10.7268301,106.8844457
Bệnh viện Phổi Phạm Hữu Chí,10.4829757,107.2418046
Phòng khám Đa khoa thuộc Trạm Y tế phường Tam Thắng,10.3674986,107.0770862
Trung tâm Y tế khu vực Phan Thiết,10.9335495,108.0957972
Bệnh viện Đa khoa Bình Thuận,10.9401633,108.089251
Bệnh viện Vạn Hạnh,10.7718189,106.6713752
Bệnh viện Đa khoa Tân Định,10.7902069,106.6896592
Bệnh viện Từ Dũ,10.7688942,106.6860103
Bệnh viện Y học cổ truyền Bình Dương,10.980771,106.6577829
Bệnh viện Đa khoa Tiền Giang,10.3551757,106.3650387
Bệnh viện Phụ sản Tiền Giang,10.3568212,106.3647127
Bệnh viện Y học cổ truyền Tiền Giang,10.3565242,106.3655355
BV Anh Đức,10.3557023,106.3660553
Trung tâm Y tế khu vực Phú Mỹ,10.5963299,107.0593865
Trạm y tế Xã Tiền Phong,21.1539788,105.7603327
Bệnh viện 74 Trung ương,21.2213449,105.7095199
Bệnh viện 1A,10.7889136,106.6537197
Bệnh viện Đa khoa Tp Trà Vinh,9.9264345,106.341919
Trung tâm Y tế khu vực Dĩ An,10.9101691,106.7816616
Trung tâm Điều dưỡng Người bệnh Tâm Thần Thủ Đức,10.8671055,106.7463839
Chưa có tên,10.8000398,106.6841553
Trung tâm Y tế Tuy Phước,13.8203096,109.1511356
Trạm y tế Phước Bình,10.8158227,106.7731278
Trung tâm Y tế khu vực Thuận An,10.9084931,106.7025838
Bệnh viện Y học cổ truyền Bình Phước,11.5358471,106.9102616
Bệnh viện Đa khoa vùng Tây Nguyên,12.6641098,108.0556856
Trung tâm Y tế khu vực Đông Hà,16.8106107,107.109335
Bệnh viện Bình Dân,10.7741311,106.6813679
Trung tâm Y tế huyện Trảng Bom,10.9482414,107.0058996
Bệnh viện Đa khoa khu vực Thủ Đức,10.8622334,106.7805429
Bệnh viện Đa khoa khu vực La Gi,10.6841856,107.752708
Bệnh viện Đa khoa khu vực Bắc Bình Thuận,11.2236406,108.5022372
Chưa có tên,11.1786931,108.564524
Trung tâm Y tế khu vực Phú Giáo,11.2892008,106.7973809
Trung Tâm Y Tế Khu Vực Đức Huệ,10.8900382,106.3056977
BV Đa khoa Thạnh Hóa,10.6555528,106.1899956
Bệnh viện Phụ sản - Nhi Đà Nẵng,16.0226987,108.2493906
Viện Y Dược học Dân tộc,10.797087,106.6712263
Bệnh viện Quân y 120,10.355113,106.3382192
Trung tâm Y tế khu vực Hồ Tràm,10.5384993,107.4129397
Trung tâm Y tế Thành Sen,18.3461901,105.9126763
Bệnh viện Đa khoa tỉnh Hà Tĩnh,18.3446504,105.8952721
Bệnh viện Sản - Nhi An Giang,10.3869457,105.4386071
Bệnh viện Y học cổ truyền Hà Tĩnh,18.3553759,105.8851231
Bệnh viện Đa khoa Vĩnh Phúc,21.3186435,105.5999464
Bệnh viện Phổi Hải Dương,20.9350963,106.302858
Bệnh viện Đa khoa Hải Dương,20.9347582,106.3080957
Bệnh viện Đa khoa khu vực Tiên Yên,21.3328759,107.4020488
Bệnh viện Đa khoa khu vực Cẩm Phả,21.0060901,107.3485238
Trung tâm Y tế Kiến Thụy,20.7553967,106.6655358
Trạm Y tế xã Thạnh Mỹ,10.2475912,105.4131048
Bệnh viện Đa khoa huyện Vĩnh Thạnh,10.236223,105.4024591
Bệnh viện Phổi Đà Nẵng,16.0480325,108.1705537
Bệnh viện Đà Nẵng,16.0729442,108.2154554
Bệnh viện C Đà Nẵng,16.0731525,108.2168358
Bệnh viện Chỉnh hình & Phục hồi Chức năng Đà Nẵng,16.0736863,108.2174517
Bệnh viện Đa khoa Tân Bình,10.7944261,106.6554163
Bệnh viện Đa khoa Tâm Trí Cao Lãnh,10.4653086,105.6289386
Bệnh viện Y học cổ truyền Đồng Tháp,10.4645275,105.6294433
Viện Tim Thành phố Hồ Chí Minh,10.7732058,106.666965
Bệnh viện Đa khoa Tân Phú,10.7835098,106.6419173
Bệnh viện Đa khoa Gia Lâm,21.0093543,105.9439877
Trạm Y tế phường Hải Thành,20.7727467,106.7330316
Bệnh viện An Sinh,10.7913163,106.6785309
Bệnh viện Đa khoa Bình Phú,10.7465336,106.6345704
Bệnh viện Ngọc Phú,10.7394843,106.6691079
Bệnh viện Đa khoa Chánh Hưng,10.7416982,106.6764696
Trung tâm Y tế Dự phòng Quận 8,10.7480741,106.6633623
Chưa có tên,15.1209491,108.7723309
Trạm y tế phường 9 quận 8,10.745995,106.6701652
Bệnh viện Trung ương Huế,16.4621953,107.5871045
Bệnh viện Đại học Y Hà Nội,21.0021305,105.8303797
Trung tâm Y tế huyện Đắk R'lấp,11.9970657,107.5040051
Bệnh viện Chấn thương Chỉnh hình,10.7541795,106.6779595
Bệnh viện Đa khoa Lãnh Binh Thăng,10.7606826,106.6479151
Bệnh viện Đa khoa Bình Tân,10.7644533,106.6032245
Bệnh viện Triều An,10.7391983,106.6171202
Bệnh viện Quận 10,10.7760365,106.6664866
Bệnh viện Răng Hàm Mặt Trung ương Thành phố Hồ Chí Minh,10.7578104,106.6606503
Bệnh viện Đại học Y Dược - Cơ sở 2,10.7579293,106.6612354
Bệnh viện Chợ Rẫy,10.75695,106.6597328
Bệnh viện Răng Hàm Mặt Thành phố Hồ Chí Minh,10.763482,106.691909
Bệnh viện Y dược cổ truyền - Phục hồi chức năng Kon Tum (cơ sở 2),14.3232549,108.0006307
Bệnh viện Phục hồi chức năng - Điều trị bệnh nghề nghiệp,10.7414789,106.6863883
Trung tâm Y tế Kon Rẫy,14.4722305,108.1766349
Chưa có tên,12.6774752,109.2167015
Bệnh viện Đa khoa tỉnh Lâm Đồng,11.9464757,108.4308966
Bệnh viện Đa khoa khu vực Móng Cái,21.5252547,107.9607917
Bệnh viện Đa khoa Bình Chánh,10.6912666,106.5862179
Bệnh viện Đa khoa Quốc tế Vinmec Đà Nẵng,16.0387718,108.211286
CI Hospital,10.7403535,106.6077583
Bệnh viện Quốc tế Thành Đô,10.741251,106.6092346
Bệnh viện Đa khoa Bình Dương,10.9975187,106.6551913
Chưa có tên,10.8284939,106.6854105
Chưa có tên,10.828704,106.6857362
Bệnh viện Vạn Phúc 2,10.9793138,106.7398569
Bệnh viện Đa khoa Phú Nhuận,10.7982597,106.6718231
Bệnh viện Việt Nam - Thụy Điển Uông Bí,21.0418401,106.7517963
Bệnh viện Than Vàng Danh,21.098476,106.7936742
Bệnh viện Nhi đồng Thành phố,10.7101346,106.5746124
Bệnh viện Lê Văn Thịnh,10.7822228,106.7685006
Family Practice,10.807607,106.733795
Bệnh viện Lê Văn Việt,10.8449005,106.7902318
Bệnh viện Đa khoa Long An,10.5325994,106.4263208
Bệnh viện Tâm thần Tây Ninh,10.5342264,106.4271642
Bệnh viện Đa khoa Bến Lức,10.6407508,106.4869234
Bệnh viện Đa khoa Trung Mỹ Tây,10.8608483,106.6307188
Bệnh Viện Mắt Việt-Nga,10.7769291,106.6811338
Trung tâm Y tế khu vực Vĩnh Thạnh,10.2206603,105.387794
Bệnh viện huyễn Cần Giuộc,10.6009661,106.6736887
Bệnh viện Đa khoa Thủ Thừa,10.6054397,106.4065478
Bệnh viện Đa khoa Tân Thạnh,10.5982498,106.0524798
Bệnh viện Đa khoa khu vực Long Thành,10.7934219,106.9482507
Trung tâm Y tế Phong Thổ,22.5367581,103.2810317
Bệnh viện Đa khoa khu vực Củ Chi,10.9755291,106.4769446
Bệnh viện Đa khoa khu vực Hóc Môn,10.8826218,106.5929391
Bệnh viện Y học cổ truyền Quảng Nam,15.5739565,108.4771455
Bệnh viện Đa khoa Quảng Nam,15.5718453,108.4785872
Trung tâm Y tế thành phố Tam Kỳ,15.5588527,108.4945513
Trung tâm Y tế Mường Nhé,22.189603,102.4613527
Trung tâm Y tế khu vực Bình Long,11.6498222,106.6050733
Bệnh viện Đa khoa thành phố Cần Thơ,10.0305871,105.7822314
Bệnh viện mắt Tây Nguyên,12.6946426,108.0616768
Tây Đô,10.0176947,105.7830098
Vạn Phước Cửu Long,10.0198653,105.7668098
Trung tâm Y tế khu vực Bình Thuỷ,10.0735997,105.7445393
Bệnh viện Ung bướu Thành phố Cần Thơ (cơ sở 2),10.0349551,105.7777595
Bệnh viện Ung bướu thành phố Cần Thơ,10.0307947,105.7832917
Trạm y tế Xã Mỹ Khánh,9.9954303,105.7155923
Trạm y tế,9.0930785,104.8583368
Bệnh viện Đa khoa số 2 tỉnh Lào Cai,22.4378158,104.0314535
Bệnh viện Tân Trụ,10.5199682,106.516807
Bệnh viện Nhi đồng thành phố Cần Thơ,10.0167449,105.7394947
Chưa có tên,18.3460172,105.8903126
Bệnh viện Phục hồi chức năng Hà Tĩnh,18.3508558,105.9006582
nhà thuốc Tuấn Thảo,18.3313419,105.905188
nhà thuốc Đông Đô,18.3323926,105.9048939
Chưa có tên,18.3227344,105.9126367
bệnh viện Thái Bình Dương,15.5769209,108.4651935
Bệnh viện Phụ sản - Nhi Quảng Nam,15.5712473,108.4651318
Bệnh viện Mắt thành phố Đà Nẵng,16.0374576,108.2196586
Bệnh viện Đa khoa tỉnh Phú Thọ,21.3248677,105.3934443
Bệnh viện đa khoa Gia Phước,10.0438706,105.7789016
Bãi Đậu Xe,15.8755963,108.3229952
Bệnh viện Y học cổ truyền Bà Rịa-Vũng Tàu,10.5130275,107.1954528
Bệnh viện Mắt Bà Rịa - Vũng Tàu,10.5073775,107.1774461
Trung tâm Y tế khu vực Long Đất,10.4641565,107.2159477
Bệnh viện Đa khoa Phương Đông,21.0699424,105.7750912
Bệnh viện Giao thông Vận tải,21.0261377,105.8025875
Bệnh viện sông Hồng,20.9825824,105.9217564
Trung tâm Y tế Kon Plông,14.597239,108.2938771
Trung tâm Y tế thành phố Từ Sơn,21.1239128,105.9722042
Trung tâm Y tế huyện Tương Dương,19.2618174,104.4893422
Bệnh viện Y dược cổ truyền tỉnh Đồng Nai,10.9746482,106.8485973
Bệnh viện Đa khoa Tâm Anh,21.040591,105.8768692
Bệnh viện Quốc tế Hoàn Mỹ Đồng Nai,10.9581894,106.8472751
Bệnh viện Đại học Y dược Shingmark Đồng Nai,10.8968766,106.8632765
Bệnh viện Đa khoa tỉnh Đồng Nai,10.952243,106.8675228
Bệnh viện Quân y 7B,10.9655508,106.8528534
Bệnh viện Phụ sản Âu Cơ,10.9629587,106.8867862
Bệnh viện Nhi đồng Đồng Nai,10.9560457,106.8744746
Bệnh viện Đa Khoa Vạn Hạnh,10.7713531,106.670117
Trung tâm Y tế khu vực Vĩnh Tường,21.2198741,105.5188216
Bệnh viện Đại học Y Dược,20.993668,105.7974841
Bệnh viện Ung bướu cơ sở 2,10.8702234,106.8093249
Bệnh xá Đảo Song Tử Tây,11.428439,114.3309969
Bệnh viện Đa khoa Lâm Hoa,20.4336585,106.3527118
Trung tâm Y tế Chí Linh,21.1099267,106.3870084
Trung tâm Y tế huyện Tri Tôn,10.4216932,104.9977497
Trung tâm Y tế huyện Tây Giang,15.8892869,107.4930507
Trung tâm Y tế huyện Đông Giang,15.9192179,107.650491
Trung tâm Y tế huyện Nam Giang,15.7421908,107.8298477
District Hospital,20.945738,105.6170104
Chưa có tên,15.8852471,108.2961084
Bệnh viện Đa khoa Mỹ Phước,11.1415843,106.6070629
Trung tâm Y tế Thanh Hà,20.9077792,106.4268056
Trung tâm Y tế huyện Thống Nhất,10.9516221,107.1390378
Trung tâm Y tế Phú Lộc,16.269698,107.8715452
Bệnh viện Đa khoa tỉnh Quảng Ngãi 2,14.3560975,107.998633
Bệnh viện Đa khoa Thái Bình,20.4408163,106.3375971
Trạm Y tế phường Phù Khê,21.1414976,105.9352137
Bệnh viện Điều dưỡng - Phục hồi chức năng Trung ương,19.732105,105.8977701
Trạm Y Tế phường Tân Hồng,21.110774,105.9720579
Bệnh viện Đa khoa Đắk Nông,11.9861913,107.7005048
Bệnh viện Đa khoa Đăk Glong,11.8970721,107.797478
Trung tâm Y tế Mường Chà,21.7459412,103.0882056
Bệnh viện Đa khoa Bình Phước,11.52578,106.863895
Trung tâm Y tế khu vực Đồng Phú,11.4377364,106.8621973
Bệnh viện Quân dân y 16,11.523893,106.9225756
BV Đa Khoa Bình Minh,10.0715006,105.8238355
Bệnh viện Đa khoa Hưng Thịnh,22.4767662,103.9747988
Bệnh viện Phục hồi chức năng tỉnh Lào Cai,22.4705659,103.9875457
Bệnh viện Đa khoa Huyện Hồng Ngự,10.8149693,105.2485574
Bệnh viện Đa khoa khu vực Mường Khương,22.7625709,104.1270581
Bệnh viện Đa khoa Tân Hồng,10.8696816,105.471162
Bệnh viện Huyện Bến Cầu,11.1096347,106.162378
Bệnh viện Thành phố Tây Ninh,11.3085891,106.0956805
Bệnh viện Đa khoa Lê Ngọc Tùng,11.3083561,106.1070346
Bệnh viện Đa khoa Tây Ninh,11.3291354,106.1062058
Bệnh viện Lao & Bệnh phổi tỉnh Tây Ninh,11.3134098,106.0616711
Bệnh viện huyện Châu Thành,11.3155767,106.0297783
Bệnh viện Đa khoa Huyện Hòa Thành,11.2760877,106.1270084
Bệnh viện huyện Dương Minh Châu,11.3864387,106.2343363
Bệnh viện Đa khoa huyện Mỹ Xuyên,9.5598055,105.988788
Bệnh viện Đa khoa Sóc Trăng,9.5939544,105.989289
Bệnh viện Chuyên khoa Sản - Nhi Sóc Trăng,9.6113599,105.9794954
Bệnh viện Quân dân y tỉnh Sóc Trăng,9.5912066,105.9653945
Trung tâm Y tế Huyện Trần Đề,9.5111747,106.1977127
Bệnh viện Đa khoa khu vực Đất Mũi,8.6030371,104.7542183
Trung tâm Y tế huyện Phụng Hiệp,9.7774271,105.7293179
Trung tâm Y tế khu vực Ngọc Hiển,8.6435413,105.0429037
Bệnh viện Đa khoa Ngã Năm,9.5592781,105.6008219
Bệnh viện Đa khoa Vinmec Hạ Long,20.952021,107.0719036
"Bệnh viện Đa khoa tỉnh Quảng Ninh, Sở Y Tế Quảng Ninh",20.9537374,107.0883738
Bệnh viện Đa khoa An Giang,10.3695918,105.4359621
Bệnh viện Y dược cổ truyền Quảng Ninh,20.9512119,107.1313401
Bệnh viện Sản Nhi Quảng Ninh,20.9651615,106.9365849
Bệnh viện Lão khoa - Phục hồi chức năng Quảng Ninh,20.9849562,107.1987552
Bệnh viện Đa khoa Cẩm Phả,21.0090752,107.2769803
Bệnh viện Đa khoa TX Vĩnh Châu,9.3235777,105.9752718
Bệnh viện Phước An,10.7532099,106.7000398
Bệnh viện Bình An,10.0046076,105.0865475
Trung tâm Y tế huyện Vĩnh Thạnh,14.1116083,108.7815768
Trạm y tế xã Vĩnh Sơn,14.355492,108.6873215
Bệnh viện Đa khoa Huyện Giồng Riềng,9.9077731,105.3106884
Bệnh viện huyện Châu Thành,9.9035713,105.1606547
Bệnh viện huyện Tân Hiệp,10.1133297,105.2832925
Trạm Y Tế Xã Vĩnh Quang,14.0513418,108.8023262
Bệnh viện Đa khoa khu vực Vân Đồn,21.074502,107.4264909
Trung tâm Y tế huyện Hoài Ân,14.378061,108.9700409
Trạm y tế Ngư Thủ nam,17.1754118,106.9692256
Phòng Khám Đa khoa khu vực Tân Minh,10.8410823,107.638404
Trạm y tế xã Đức Phong,14.9288181,108.9185621
Trung tâm Y tế khu vực Bù Đốp,11.9501027,106.806369
Bệnh viện Đa khoa Vũng Tàu,10.3919211,107.1303597
Trung tâm Y tế khu vực Phước Long,11.8530436,106.999836
Trung tâm Y tế thành phố Pleiku,13.9793642,107.990562
Bệnh viện Đa khoa khu vực Hòa Long,10.2866938,105.6639447
Bệnh viện Đa khoa Cao su Phú Riềng,11.6617759,106.8985646
Trung tâm Y tế Mường Lay,22.0185836,103.1576863
Bệnh viện Quốc tế Trung ương Huế,16.4607254,107.5863483
Trạm Y tế phường Mỹ An,16.0412115,108.2448999
Bệnh viện Đa khoa Quốc tế Thu Cúc,21.0451209,105.8144621
Bệnh Viện Đa Khoa Hồng Ngọc,21.0424358,105.8443367
Trung tâm Y tế quận Hoàn Kiếm,21.0350369,105.8523965
Bệnh viện Da liễu Hà Nội,21.0281103,105.8385861
Bệnh viện Đa khoa Quốc tế Hồng Hà,21.0268166,105.8390572
Bệnh viện Phụ sản Trung ương,21.0266842,105.8469248
Bệnh viện K,21.0268963,105.8461355
Bệnh viện Hữu nghị Việt Đức,21.0285801,105.8470046
Bệnh viện Răng Hàm Mặt Trung ương Hà Nội,21.0277635,105.8464388
Bệnh viện Mắt Hà Nội (Trụ sở chính),21.024085,105.8503409
Trạm Y Tế phường Bình Hưng Hòa,10.7916713,106.6047985
Bệnh viện Đa khoa tỉnh Lai Châu,22.3804209,103.4828384
Bệnh viện Y học cổ truyền Lai Châu,22.4005356,103.450137
Bệnh viện Đa khoa khu vực Đông Triều,21.0768857,106.5223352
Bệnh viện Đa khoa Củ Chi,11.08545,106.5092674
Trung tâm Y tế Sìn Hồ - cơ sở 2,22.274695,103.4019128
Trung tâm Y tế Tam Đường,22.3204145,103.6336698
Nhà Thuốc Tây Quàng Hòa,10.7353073,106.6212215
Bệnh viện Đa khoa Lạng Sơn,21.8488406,106.7467086
Bệnh viện Phục hồi chức năng tỉnh Lạng Sơn,21.8571255,106.752348
Trung tâm Y tế huyện Cao Lộc,21.8638804,106.7704039
Bệnh viện Đa khoa huyện Cẩm Mỹ,10.8144621,107.2186386
Chưa có tên,10.7808013,106.675494
Trung tâm Y tế khu vực Châu Đức,10.6478083,107.2405804
Bệnh viện Tâm thần Tỉnh Bà Rịa-Vũng Tàu,10.6235086,107.2379831
hospital_IILamDong stories 2,11.5307141,107.8085916
Bệnh viện Sức khỏe Tâm thần Bà Rịa - Vũng Tàu,10.5854118,107.2356645
Vinmec Marina,20.8228794,106.6878325
Bệnh viện Tâm Thần Bà Rịa,10.6092916,107.0824568
Trung tâm Y tế khu vực Phong Điền,10.0026679,105.6604695
Trung tâm Quân dân y đặc khu Côn Đảo,8.6853723,106.6046417
Bệnh viện Từ Dũ - Cơ sở 2,10.4043915,106.937643
Bệnh viện Công an thành phố Hà Nội,20.9628226,105.7688713
Bệnh Viện Lấp Vò,10.3700563,105.5235929
Miami Baptist Hospital,10.1777101,105.5485436
Bệnh viện Đa khoa Trung ương Thái Nguyên,21.5880078,105.8310818
Trung tâm Y tế khu vực Bắc Tân Uyên,11.1497513,106.8453889
Bệnh viện Hữu Nghị,21.0154534,105.8617595
Bệnh viện Sản - Nhi tỉnh Ninh Bình,20.2418587,105.9649467
Bệnh viện Đa khoa tỉnh Quảng Ngãi,15.1151154,108.79051
Bệnh viện Mắt Trung ương,21.0176301,105.8495995
Bệnh viện Đa khoa Đại An,19.8601031,105.6811273
Bệnh viện Y học cổ truyền Bộ Công an,20.9961682,105.7892377
Trung tâm Y tế Sìn Hồ,22.3616216,103.2506107
Bệnh viện Đa khoa Hà Giang,22.8202889,104.9848004
Bệnh viện Y dược cổ truyền Hà Giang,22.8415851,105.0089027
Bệnh viện Đa khoa khu vực Vị Xuyên,22.6613969,104.9871942
Bệnh viện Đa khoa khu vực Đồng Văn,23.2756427,105.3692159
Bệnh viện Đa khoa khu vực Ngã Bảy,9.8060165,105.8068969
Bệnh viện Ung bướu,10.8049698,106.6942613
Bệnh viện Ung bướu,10.8051582,106.6956218
Viện Y học cổ truyền Quân đội,20.9727944,105.8233726
Bệnh viện Đa khoa TX Duyên Hải,9.6467827,106.5050295
Bệnh viện Đông Đô,21.0093319,105.8379891
Chưa có tên,20.9456892,106.3354227
Bệnh viện Phổi Hà Giang,22.815071,104.9859785
Trung tâm Y tế Quân dân y đặc khu Lý Sơn,15.373608,109.1138387
Phòng Khám Nhân Đạo Kinh 7,10.0263736,105.2633253
Bệnh viện Mắt Quốc tế DND,21.0129915,105.8496681
Bệnh viện Thanh Nhàn,21.0038701,105.8590785
Bệnh viện Ung bướu Hà Nội,21.0040116,105.8593391
Bệnh viện Phổi Hà Nội,21.0033713,105.8583866
Bệnh viện Đa khoa khu vực Yên Minh,23.119025,105.1536682
Bệnh viện Đa khoa Đức Giang,21.0613371,105.8982071
Bệnh viện Đa khoa khu vực Hướng Hoá,16.6242818,106.7319081
Bệnh viện Tim Hà Nội,21.0240047,105.8439728
Trung tâm Y tế quận Nam Từ Liêm,21.0387889,105.7657416
Bệnh viện Đa khoa Kinh Bắc,21.1632415,106.0747951
Trung tâm Y tế quận Hà Đông,20.9676018,105.7791314
Bệnh viện Quân y 103,20.9676247,105.7900215
Bệnh viện Bỏng Quốc gia Lê Hữu Trác,20.9667279,105.7924112
Viện Y học phóng xạ và U bướu Quân đội,20.9809046,105.8200629
Trung tâm Y tế huyện Đồng Hỷ,21.6310427,105.8443424
Bệnh viện Nội tiết Trung ương,20.9522962,105.8510255
Bệnh viện E,21.0504338,105.7883827
Bệnh viện Thẩm mỹ Kangnam Hàn Quốc,21.000572,105.830624
Viện Y học Phòng không - Không quân,21.0002165,105.8257561
Viện Huyết học - Truyền máu Trung ương,21.0246967,105.7883187
Bệnh viện Thận Hà Nội,21.0189013,105.8064109
Bệnh viện Đa khoa khu vực Vân Đồn (cơ sở 2),20.972835,107.7700603
Bệnh viện Đa khoa Hà Đông,20.9713454,105.7744735
Bệnh viện Bắc Thăng Long,21.1633283,105.8576581
Bệnh viện Đa khoa Thanh Trì,20.9487155,105.8463085
Bệnh viện Đa khoa Hoè Nhai,21.040858,105.8460314
Bệnh viện Đa khoa Đông Anh,21.1392083,105.8532536
Bệnh viện Đa khoa Vân Đình,20.7255562,105.7739582
Trung tâm Y tế Nam Định,20.4415664,106.1923568
Bệnh viện Y học cổ truyền Nam Định,20.4488063,106.1808666
Bệnh viện Phổi Nam Định,20.4510657,106.1787905
Bệnh viện Mắt Nam Định,20.4497223,106.1817273
hospital_NoiTietNamDinh stories 3,20.4493441,106.1819221
Trung tâm Y tế huyện Bảo Lạc,22.9525226,105.6809047
Trung tâm Y tế thành phố Phổ Yên,21.4178117,105.8620852
Bệnh viện K - Cơ sở Tân Triều,20.9636109,105.7995597
Bệnh viện Hữu nghị Việt Nam - Cuba Đồng Hới,17.4743404,106.6006971
Bệnh viện Đa khoa khu vực Đồng Hới,17.4536021,106.6213896
Bệnh viện Tim Hà Nội,21.0683662,105.8072261
Bệnh viện Da liễu Hà Nội (cơ sở 3),20.9287531,105.560243
Bệnh viện Tâm thần Hà Nội,21.034976,105.9095715
Bệnh viện Da liễu Hà Nội (cơ sở 2),20.970065,105.7729964
Bệnh viện Đa khoa Y học cổ truyền Hà Nội,21.0346916,105.7794551
Bệnh viện Y học cổ truyền Hà Đông,20.9708813,105.7715441
Bệnh viện Tâm thần Mỹ Đức,20.8037772,105.70389
Bệnh viện 09,20.9605402,105.8019723
Bệnh viện Huyết học - Truyền máu thành phố Cần Thơ,10.0295379,105.754228
Bệnh viện Đa khoa Trung ương Quảng Nam,15.4469099,108.6252026
Bệnh viện Đa khoa Phúc Thọ,21.1039787,105.5563257
Bệnh viện Đa khoa Thạch Thất,21.0506449,105.5702967
Bệnh viện Đa khoa Sóc Sơn,21.2498053,105.8471409
Bệnh viện Đa khoa Quốc Oai,20.9904928,105.6435563
Bệnh viện Quân y 105,21.1154934,105.4973292
Bệnh viện Quân y 87,12.2307449,109.1948779
Bệnh viện Quân y 110,21.1981034,106.0908201
Bệnh viện Đa khoa Sơn Tây,21.1522949,105.5061667
Bệnh viện Bệnh nhiệt đới Trung ương (cơ sở 2),21.1314341,105.7743775
Bệnh viện Đa khoa Quốc tế Hợp Lực,19.4274893,105.7648588
Bệnh viện Đa khoa Bắc Ninh số 2,21.274755,106.1975944
Trạm Y tế phường Thị Cầu,21.1961644,106.0936313
Bệnh viện K (Cơ sở 2 - Tam Hiệp),20.9546402,105.8323646
Bệnh viện Quân y 13,13.7505205,109.2138587
Bệnh viện Y dược cổ truyền Vĩnh Long,10.2512465,105.9786407
Bệnh viện Sản - Nhi Bắc Ninh số 2,21.1694459,106.0680529
Bệnh viện Đa khoa khu vực Quảng Ninh,17.365573,106.6751478
Trung tâm Y tế huyện Xuân Lộc,10.9090519,107.3686378
Trung tâm Y tế phường Hoàng Mai,20.9682141,105.8464991
Bệnh viện Đa khoa Mê Linh,21.1800717,105.6819888
Bệnh viện Tâm thần Nghệ An,18.7077763,105.6759079
Bệnh viện Hữu nghị Đa khoa tỉnh Nghệ An,18.7079024,105.6777478
Bệnh viện Đa khoa thành phố Vinh,18.664738,105.6835777
Trung tâm Y tế quận Thanh Xuân,20.9909108,105.8123873
Bệnh xá Công an tỉnh Hưng Yên,20.6644645,106.0541733
Bệnh viện Đa khoa tỉnh Hưng Yên,20.6662171,106.0600327
Bệnh viện Tâm thần Trung ương 2,10.9669953,106.8455307
Bệnh viện Đa khoa Phố Nối,20.9406703,106.0566551
Bệnh viện Sản - Nhi tỉnh Hưng Yên,20.7248661,106.0560013
Bệnh viện Phổi Hưng Yên,20.6680499,106.0511029
Bệnh viện Bệnh Nhiệt đới tỉnh Hưng Yên,20.6690384,106.0512991
Bệnh viện Mắt Hưng Yên,20.6617027,106.0604761
Bệnh viện Sức khỏe tâm thần kinh tỉnh Hưng Yên,20.7373988,106.0343119
Bệnh viện Y dược cổ truyền Hưng Yên,20.6656155,106.0628231
Trung tâm Y tế Phố Hiến,20.6480911,106.0548481
Bệnh viện Đa khoa khu vực Long Khánh,10.9406681,107.215243
Bệnh viện Đa khoa khu vực Định Quán,11.1986865,107.3630534
VNVC tỉnh Đồng Nai,10.9468657,106.8579378
Bệnh viện Phổi tỉnh Đồng Nai,10.8754047,106.9189913
Bệnh viện Da liễu tỉnh Đồng Nai,11.0003405,106.8532809
Trung tâm Y tế khu vực Biên Hoà,10.9525208,106.8522011
Trung tâm Y tế huyện Vĩnh Cửu,11.0953109,107.0241106
Trung Tâm Y Tế Tân Phú,11.2738264,107.4408176
Trung tâm Y tế huyện Định Quán,11.2052184,107.3588182
Trung tâm Y tế huyện Vĩnh Cửu - cơ sở 2,11.0136219,106.8483429
Trung tâm Y tế Kim Động,20.7332711,106.055344
Trung tâm Y tế Khoái Châu,20.8421848,105.9790677
Bệnh viện A Thái Nguyên,21.5713314,105.8107295
Trung tâm Y tế Văn Lâm,20.9844168,106.0259558
Trung tâm Y tế Phù Cừ,20.7288643,106.1745121
Trung tâm Y tế Ân Thi,20.8208159,106.0952228
Trung tâm Y tế Mỹ Hào,20.9229946,106.0954488
Trung tâm Y tế Yên Mỹ,20.8917039,106.0447753
Trung tâm Y tế Tiên Lữ,20.7058536,106.1345723
Bệnh viện Nội tiết Thanh Hoá,19.7724899,105.7673693
Bệnh viện Da liễu Thanh Hoá,19.7724862,105.7688938
Bệnh viện Tâm thần Thanh Hoá,19.7716755,105.7685917
Bệnh viện Đa khoa tỉnh Thanh Hoá,19.7759087,105.7717411
Bệnh viện Mắt Thanh Hoá,19.7721193,105.7684007
Bệnh viện Phụ sản Thanh Hoá,19.7738314,105.7698995
Bệnh viện Nhi Thanh Hoá,19.7753028,105.7740861
Bệnh viện Ung bướu tỉnh Thanh Hoá,19.766714,105.7747351
Bệnh viện Đa khoa Cao su Dầu Tiếng,11.2821412,106.3634531
Bệnh viện Đa khoa Bắc Ninh số 2,21.1667986,106.066409
Bệnh viện Đa khoa Phú Yên,13.1092665,109.2993133
Bệnh viện Đa khoa Tâm Hồng Phước,10.9701527,106.8665707
Bệnh viện Đa khoa Nghi Sơn,19.4628172,105.7900085
"Trung tâm phòng, chống HIV/ AIDS tỉnh Bắc Ninh",21.1703092,106.0675899
Trung tâm Chăm sóc Sức khỏe sinh sản tỉnh Đồng Nai,10.9487049,106.8176297
Trung tâm Y tế khu vực Tân Uyên,11.0856347,106.7808929
Bệnh viện Y học cổ truyền và Phục hồi chức năng - Bệnh viện Phổi tỉnh Bắc Ninh,21.1904613,106.0810285
Bệnh viện Mắt tỉnh Bắc Ninh,21.132944,106.0764671
Bệnh viện Sức khoẻ Tâm thần tỉnh Bắc Ninh - Khu điều trị Nội trú,21.1891764,106.0887339
Trung tâm Y tế khu vực Thủ Dầu Một,10.9781083,106.6542386
Trung tâm Y tế khu vực Bến Cát,11.1614455,106.5947891
Trung tâm Y tế khu vực Dầu Tiếng,11.2875267,106.3929878
Bệnh viện Đa khoa Hà Nam,20.5407578,105.9164051
Bệnh viện Phổi Hà Nam,20.5364736,105.9286833
Trung tâm Y tế thành phố Tân An,10.5383985,106.4158639
Bệnh viện Phổi Long An,10.518564,106.412216
Bệnh viện Sản nhi TWG Long An,10.519945,106.4202166
Bệnh viện Đa khoa khu vực Hậu Nghĩa,10.8792828,106.3941248
Phòng khám Đa khoa Quân dân y Tiền Giang,10.3974752,106.2563466
Bệnh viện Lao và Bệnh phổi Tiền Giang,10.394346,106.3110564
Bệnh viện Đa khoa khu vực Gò Công,10.3519219,106.6832141
Bệnh viện Đa khoa khu vực Cai Lậy,10.4061286,106.1293077
Bệnh viện Tâm thần Tiền Giang,10.4013008,106.2314867
Trung tâm Y tế huyện Cái Bè,10.3662325,106.0323142
Trung tâm Y tế huyện Cai Lậy (cơ sở 2),10.4977566,106.093619
Trung tâm Y tế huyện Gò Công Đông (cơ sở 2),10.3984443,106.7185209
Trung tâm Y tế huyện Tân Phước,10.4755543,106.1849316
Trung tâm Y tế huyện Châu Thành,10.4466593,106.3416684
Trung tâm Y tế huyện Gò Công Tây,10.3404383,106.5791976
Trung tâm Y tế thành phố Mĩ Tho,10.3645962,106.3642142
Trung tâm Y tế huyện Tân Phú Đông,10.2688213,106.6441399
Trung tâm Y tế huyện Chợ Gạo,10.3540197,106.4491466
Trung tâm Y tế huyện Gò Công Đông,10.3218152,106.7158489
Bệnh viện Đa khoa Hòa Bình,20.8258188,105.354162
Bệnh viện Quân y 109,21.3002973,105.5789398
Bệnh viện Đa khoa Ba Vì,21.2162285,105.410044
Bệnh viện Đa khoa Phú Xuyên,20.7303975,105.9145075
Bệnh viện Đa khoa Đan Phượng,21.087289,105.6713034
Bệnh viện Đa khoa Chương Mỹ,20.9208472,105.6984673
Bệnh viện Đa khoa Hoài Đức,21.0563858,105.7021556
Bệnh viện Đa khoa Thanh Oai,20.8621134,105.7572768
Bệnh viện Đa khoa Mỹ Đức,20.6782283,105.7545412
Trạm y tế xã Hố Nai 3,10.9655886,106.920561
Bệnh viện Phong - Da liễu Trung ương Quỳnh Lập (cơ sở 2),19.2613201,105.7151968
Bệnh viện 71 Trung ương,19.7588347,105.8422546
Trung tâm Y tế huyện Tiên Du,21.1333784,106.026964
Trung tâm Y tế huyện Yên Phong,21.1992903,105.9543014
Trung tâm Y tế thành phố Bắc Ninh,21.1811289,106.0573836
Trung tâm Y tế thị xã Thuận Thành,21.0383603,106.0869532
Trung tâm Y tế huyện Gia Bình,21.053137,106.1815146
Trung tâm Y tế huyện Lương Tài,21.0237364,106.2078327
Trung tâm Y tế thị xã Quế Võ,21.1545587,106.1588029
Bệnh viện Sản - Nhi Bắc Ninh số 1,21.2802347,106.2127532
Bệnh viện Phục hồi chức năng tỉnh Bắc Giang,21.3129865,106.1589692
Bệnh viện Phổi Bắc Giang,21.309805,106.1681552
Bệnh viện Tâm thần tỉnh Bắc Giang,21.3035561,106.1709165
Bệnh viện Nội tiết tỉnh Bắc Giang,21.2711678,106.1715738
Bệnh viện Ung bướu tỉnh Bắc Giang,21.2724692,106.1717331
Trung tâm Y tế thành phố Sông Công,21.4593691,105.8501064
Bệnh viện Tim mạch An Giang,10.3892417,105.4386154
Bệnh viện Mắt - Tai Mũi Họng - Răng Hàm Mặt An Giang,10.3874613,105.4396253
Bệnh viện Đa khoa Châu Đốc,10.6894307,105.1483663
Bệnh viện Đa khoa khu vực Tân Châu,10.7894333,105.2311929
Trung tâm Y tế Thoại Sơn,10.2587497,105.258809
Trung tâm Y tế Tịnh Biên,10.6233123,105.0149958
Trung tâm Y tế huyện Chợ Mới,10.5445129,105.4003288
Trung tâm Y tế huyện Phú Tân,10.5967815,105.3512869
Trung tâm Y tế khu vực Hoà Bình,9.279924,105.6202375
Trung tâm Y tế khu vực Vĩnh Lợi,9.3582084,105.7078048
Trung tâm Y tế khu vực Giá Rai,9.2403554,105.4461994
Trung tâm Y tế khu vực Hồng Dân,9.5613222,105.4490184
Trung tâm Y tế khu vực Phước Long,9.4316388,105.4611835
Trung tâm Y tế khu vực Đông Hải,9.0322275,105.4227119
Trung tâm Y tế khu vực Bạc Liêu,9.2740406,105.7320865
Bệnh viện Truyền máu - Huyết học (cơ sở 2),10.7093154,106.5760857
Trung tâm y tế thị trấn Trường Sa,8.6443869,111.9186307
Trung tâm Kiểm soát bệnh tật thành phố Cần Thơ,10.0154986,105.7371419
Bệnh viện Mắt - Răng Hàm Mặt Thành phố Cần Thơ,10.038866,105.7861706
Bệnh viện Tim mạch Thành phố Cần Thơ,10.0353925,105.7749967
Bệnh viện Lao và Bệnh phổi Thành phố Cần Thơ,10.1027793,105.6683896
Bệnh viện Tâm thần Thành phố Cần Thơ,10.1024149,105.6699702
Bệnh viện Da liễu Cần Thơ,10.0110612,105.7512797
Bệnh viện Đa khoa Sầm Sơn,19.7426316,105.8996095
Bệnh viện Đa khoa Thống Nhất,10.9671203,106.900249
BỆNH VIỆN ĐA KHOA TÂM TRÍ SÀI GÒN,10.8316195,106.6215219
Bệnh viện Đa khoa Quốc tế Vinmec Smart City,21.0078176,105.7473049
Trung tâm y tế Quân dân y Đặc khu Phú Quý,10.520485,108.9331692
Bệnh viện Sản Nhi tỉnh Phú Thọ,21.3360123,105.3853515
Bệnh viện Y dược cổ truyền và Phục hồi chức năng tỉnh Phú Thọ,21.3202832,105.3984383
Bệnh viện Mắt Hà Nam,20.5446146,105.9362355
Bệnh viện Y học cổ truyền Hà Nam,20.544391,105.9373553
Bệnh viện Tâm thần Hà Nam,20.5160002,105.9538931
Bệnh viện Kiến An,20.7997512,106.6248889
Trung tâm Y tế Bình Lục,20.4899848,106.010916
Trạm y tế Thị trấn Vĩnh An,11.0873301,107.0342461
Bệnh viện Phổi Thanh Hoá,19.7523664,105.7586871
Bệnh viện Y học cổ truyền tỉnh Thanh Hoá,19.8147941,105.7822561
Bệnh viện Đa khoa Hạc Thành,19.8159646,105.7817233
Bệnh viện Đa khoa Thanh Hà,19.815243,105.7943604
Bệnh viện Đa khoa Ngọc Lặc,20.0902452,105.370671
Bệnh viện Đa khoa Bỉm Sơn,20.0696234,105.890671
Bệnh viện Đa khoa ACA,20.0683389,105.8532517
Bệnh viện Đa khoa Nga Sơn,20.0093259,105.9681923
Bệnh viện Đa khoa Hoằng Hoá,19.8510155,105.856286
Bệnh viện Đa khoa Hậu Lộc,19.9171255,105.886199
Bệnh viện Đa khoa Hà Trung,20.0053006,105.8502803
Bệnh viện Đa khoa Quảng Xương,19.720074,105.7857053
Bệnh viện Đa khoa Như Thanh,19.6362065,105.5789475
Bệnh viện Đa khoa Thạch Thành,20.1373306,105.6952487
Bệnh viện Đa khoa Thiệu Hoá,19.8673308,105.6768512
Bệnh viện Đa khoa Nông Cống,19.6421976,105.6555434
Bệnh viện Đa khoa Như Xuân,19.6636183,105.4277106
Bệnh viện Đa khoa Vĩnh Lộc,20.0531271,105.6212508
Bệnh viện Đa khoa Triệu Sơn,19.8175885,105.5928112
Bệnh viện Đa khoa huyện Đông Sơn,19.8175902,105.7161848
Bệnh viện Đa khoa Thọ Xuân,19.9225984,105.5256933
Bệnh viện Đa khoa Yên Định,19.9775596,105.6444335
Bệnh viện Đa khoa Thủ Đức,10.8643971,106.7455723
Bệnh viện Đa khoa Hoàn Hảo Kei Mei Kai,10.8698098,106.7627408
Bệnh viện Y học cổ truyền và Phục hồi chức năng Bắc Quảng Trị,17.4756319,106.6051418
Bệnh viện Mắt Bắc Quảng Trị,17.4749688,106.605149
Bệnh viện Hoàn Mỹ Thủ Đức,10.887672,106.7737207
Hospitals MEDIC Ca Mau,9.1888697,105.171771
Bệnh viện Sản - Nhi Cà Mau,9.1745878,105.155094
Bệnh viện Đại học Y Dược Thái Bình,20.4423871,106.3402795
Bệnh viện Điều dưỡng - Phục hồi Chức năng 2,10.8948585,106.8711538
Bệnh viện Đa khoa tỉnh Sơn La,21.2659536,103.9934827
Bệnh viện Quân y 6,21.2962676,103.9534494
Bệnh viện Đa khoa Phúc Yên,21.2330167,105.7081759
Bệnh viện Đa khoa Thiện Nhân,21.1532838,106.1555636
Bệnh viện Ung bướu Nghệ An,18.684257,105.7004094
Trung tâm Huyết học - Truyền máu tỉnh Nghệ An,18.6834985,105.7018999
Bệnh viện Sản Nhi Nghệ An,18.6817991,105.7023591
Trạm y tế phường Kinh Bắc,21.1882324,106.0616157
Cơ sở Điều trị Methadone số 8,11.0984917,107.0363429
Bệnh viện Đa khoa Hồng Phát,21.0183636,105.841644
Bệnh Viện Đức Phúc,21.014218,105.8408994
Bệnh viện Đa khoa Kiến Xương,20.3922592,106.4462032
Trung tâm Y tế Gia Lộc,20.8772252,106.2964803
Bệnh viện Đa khoa khu vực Quang Bình,22.4080661,104.5902378
Bệnh viện Phục hồi chức năng Hà Giang,22.6249928,104.9401786
Bệnh viện Đa khoa khu vực Xín Mần,22.6776601,104.4620715
Bệnh viện Mắt Hà Giang,22.8190284,104.9837518
Bệnh viện Đa khoa khu vực Bắc Mê,22.7396415,105.3042998
Bệnh viện Đa khoa khu vực Hoàng Su Phì,22.7390863,104.6800523
Bệnh viện Đa khoa khu vực Nà Chì,22.5117951,104.5127152
Bệnh viện Đa khoa khu vực Quản Bạ,23.07111,104.9891456
Bệnh viện Đa khoa Cà Mau,9.1711096,105.160796
Bệnh viện Lao và Bệnh phổi Cà Mau,9.1717485,105.162727
Bệnh viện Y Dược cổ truyền - Phục hồi chức năng tỉnh Cà Mau,9.1917159,105.1271421
Bệnh viện Đa khoa Trần Văn Thời,9.076686,104.9691988
Bệnh viện Đa khoa Năm Căn,8.7690466,104.9966862
Bệnh viện Đa khoa Cái Nước,8.945921,105.0130212
Bệnh viện Đa khoa Đầm Dơi,8.9929143,105.2007781
Trung tâm Y tế khu vực Thới Bình,9.3558927,105.0994439
Trung tâm Y tế khu vực Phú Tân,8.8536821,104.8199684
Trung tâm Y tế khu vực U Minh,9.4104661,104.965713
Bệnh viện Bưu Điện,21.0112634,105.8521234
Trạm y tế xã Thiện Tân,11.0242697,106.8973945
Trạm y tế xã Tân An,11.0401496,106.9145824
Trạm y tế xã Tân Bình,10.9992892,106.8078974
Bệnh viện Đa khoa Nông nghiệp,20.9211478,105.8533418
Trung tâm Y tế Sa Thầy,14.4067128,107.796094
Bệnh viện Y dược cổ truyền - Phục hồi chức năng Kon Tum,14.344555,108.0100401
Trung tâm Y tế Tu Mơ Rông,14.792998,107.9438435
Trung tâm Y tế Đăk Glei,15.0700431,107.7439334
Trung tâm Y tế Đăk Hà,14.5169255,107.9174818
Trung tâm Y tế Đăk Tô,14.6361884,107.8477562
Bệnh viện Đa khoa khu vực Ngọc Hồi,14.6952507,107.6815549
Bệnh viện Đa khoa tỉnh Cao Bằng,22.6527746,106.2703382
Bệnh viện Y học cổ truyền Cao Bằng,22.6563056,106.2627419
Bệnh viện Đa khoa huyện Hà Quảng,22.9001704,106.0692743
Bệnh viện Đa khoa Hưng Nhân,20.6076769,106.1539194
Bệnh viện Phổi Thái Bình,20.4263267,106.3332971
Bệnh viện Nhi Thái Bình,20.4323852,106.351416
Bệnh viện Y học cổ truyền Thái Bình,20.4421642,106.3407174
Bệnh viện Phục hồi chức năng Hưng Yên,20.445147,106.3519381
Bệnh viện Sức khỏe tâm thần Thái Bình,20.4331896,106.347822
Bệnh viện Mắt Thái Bình,20.4324169,106.3469496
Bệnh viện Lão khoa Phước Hải,20.4355122,106.3506328
Bệnh viện Phụ sản An Đức,20.4362813,106.3515046
Bệnh viện Đa khoa Thái Ninh,20.5052416,106.510238
Bệnh viện Đa khoa Phụ Dực,20.6473333,106.4210408
Bệnh viện Đa khoa Nam Tiền Hải,20.3438046,106.5454653
Bệnh viện Đa khoa Hưng Hà,20.5831138,106.2398307
Bệnh viện Đa khoa Lâm Hoa - Hưng Hà,20.5799918,106.2435076
Bệnh viện Đa khoa Thái Thuỵ,20.567939,106.5642954
Bệnh viện Đa khoa Tiền Hải,20.3909814,106.5067784
Bệnh viện Đa khoa Quỳnh Phụ,20.6460437,106.3299315
Bệnh viện Đa khoa huyện Vũ Thư,20.4412577,106.2925886
Bệnh viện Đa khoa Đông Hưng,20.5534442,106.3587029
Bệnh viện Đa khoa thành phố Thái Binh,20.4482022,106.34543
Trạm y tế phường Nghi Tân,18.8224426,105.7060373
Bệnh viện Đại học Kỹ thuật Y tế Hải Dương,20.9359033,106.3052927
Bệnh viện Bệnh nhiệt đới Hải Dương,20.9361175,106.3040979
Bệnh viện Y học cổ truyền tỉnh Bắc Giang,21.2908364,106.1998552
Bệnh viện Y học cổ truyền,21.2894869,106.1994623
Bệnh viện Tâm thần tỉnh Ninh Bình,20.2501073,105.9613064
Bệnh viện Phổi tỉnh Ninh Bình,20.251154,105.9611132
Trạm y tế xã Bình Hoà,10.9814715,106.7988443
Trạm y tế xã Phú Cường,11.0889344,107.1851394
Bệnh viện 199 - Bộ Công an,16.0657225,108.2359315
Bệnh viện Phụ sản Hải Dương,20.936305,106.3075236
Bệnh viện Y học cổ truyền Hải Dương,20.9232249,106.3309588
Bệnh viện Phục hồi chức năng Hải Dương,20.938139,106.3402724
Bệnh viện Tâm thần Hải Dương,20.8891817,106.2968593
Bệnh viện Nhi Hải Dương,20.9019231,106.2917202
Trung tâm Y tế Hải Dương,20.9325618,106.3178858
Trung tâm Y tế Nam Sách,20.9950085,106.3339166
Trung tâm Y tế Kinh Môn,20.9943904,106.5474894
Trung tâm Y tế Kim Thành,20.9646055,106.5006566
Trung tâm Y tế Cẩm Giàng,20.9417545,106.2145771
Trung tâm Y tế Bình Giang,20.8787076,106.1886964
Trung tâm Y tế Tứ Kỳ,20.8159092,106.4066088
Trung tâm Y tế Ninh Giang,20.7291586,106.3948496
Trung tâm Y tế Thanh Miện,20.7935721,106.2372404
Bệnh viên Đa khoa khu vực Nam Lý,20.5054573,106.1427193
Trung tâm Y tế Lý Nhân,20.56894,106.0295752
Trung tâm Y tế Duy Tiên,20.6444852,105.9910706
Trung tâm Y tế Kim Bảng,20.5800599,105.8668856
Trung tâm Y tế Thanh Liêm,20.4756452,105.9540905
Bệnh viện Trẻ em Hải Phòng,20.831477,106.6613028
Bệnh viện Hữu nghị Việt-Tiệp (cơ sở 2),20.8523276,106.6422656
Bệnh viện Y học cổ truyền Hải Phòng,20.8533399,106.6410126
Bệnh viện Phổi Hải Phòng,20.7907544,106.6168061
Bệnh viện Mắt Hải Phòng,20.8460344,106.6607809
Bệnh viện Đa khoa Nam Định,20.4264651,106.1717319
Bệnh viện Phụ sản Nam Định,20.4254585,106.1695285
hospital_NhiDN stories 8,20.4253992,106.1727519
Trung tâm Y tế huyện Ninh Hải,11.5986945,109.0294039
Chưa có tên,10.7750548,106.68138
Bệnh viện Quân y 7A,10.7557703,106.6707327
Bệnh viện Tai Mũi Họng Thành phố Hồ Chí Minh,10.7843261,106.683944
Bệnh viện Từ Dũ (khu M),10.7678651,106.6847646
Bệnh viện Y học cổ truyền Thành phố Hồ Chí Minh,10.7855497,106.6878673
Chưa có tên,10.7848359,106.683949
Chưa có tên,10.7541267,106.665782
Bệnh viện Đa khoa Gò Vấp,10.8345835,106.661529
Bệnh viện Đa khoa Bình Thạnh,10.7980558,106.6967399
Bệnh viện Đa khoa Nhà Bè,10.7042622,106.7052895
Bệnh viện Phụ sản Hải Phòng (cơ sở 2),20.8684843,106.6426992
Trung tâm Y tế Lê Chân,20.8508217,106.6804252
Trung tâm Y tế Hồng Bàng,20.8586452,106.6802107
Bệnh viện Phổi Quảng Ninh,20.9791078,107.0899468
Bệnh viện Sức khoẻ tâm thần Quảng Ninh,20.9872501,107.2033032
Bệnh viện Đa khoa tỉnh Trà Vinh,9.9326738,106.3231788
Bệnh viện C Thái Nguyên,21.4463892,105.8616689
Bệnh viện Gang Thép,21.5362465,105.8773156
Bệnh viện Phổi Thái Nguyên,21.5681806,105.8234295
Bệnh viện Phục hồi chức năng Thái Nguyên,21.5957011,105.8503951
Bệnh viện Đa khoa huyện Đại Từ,21.62632,105.645145
Bệnh viện Đa khoa huyện Định Hoá,21.9138416,105.6457032
Bệnh viện Đa khoa huyện Phú Bình,21.4626973,105.9742265
Trung tâm Y tế thành phố Thái Nguyên,21.5882883,105.8483349
Trung tâm Y tế huyện Võ Nhai,21.7532267,106.0643679
Trung tâm Y tế huyện Phú Lương,21.721216,105.7093426
Bệnh viện Sản Nhi Vĩnh Phúc,21.2829889,105.5427175
Bệnh viện Y dược cổ truyền Vĩnh Phúc,21.3201259,105.5904044
Bệnh viện Tâm thần Vĩnh Phúc,21.3397264,105.5922555
Trung tâm Y tế khu vực Vĩnh Yên,21.310462,105.5892729
Trung tâm Y tế khu vực Yên Lạc,21.2308964,105.572584
Trung tâm Y tế khu vực Tam Dương,21.3728559,105.5385132
Trung tâm Y tế khu vực Tam Đảo,21.4027865,105.6114417
Trung tâm Y tế khu vực Bình Xuyên,21.2733307,105.6515986
Trung tâm Y tế khu vực Lập Thạch,21.4183271,105.4521244
Trung tâm Y tế khu vực Sông Lô,21.4240888,105.4195839
Bệnh viện Dã chiến Bình Chánh,10.7200864,106.6598189
Trạm y tế Xã Phú Hữu,10.7465975,106.7948014
Trạm y tế xã Tạ An Khương Nam,9.0259519,105.2112783
Trạm y tế xã Hiếu Liêm,11.11593,106.9684801
Trạm y tế xã Tân Định,11.1738829,106.8652298
Trạm Y tế xã Hải Ninh,17.3677741,106.7296287
Bệnh viện Sản Nhi tỉnh Hậu Giang,9.7893381,105.4457822
Trung tâm Y tế huyện Thanh Bình,10.5524479,105.4956739
Bệnh viện Tâm thần Vĩnh Long,10.2303468,105.9984181
Bệnh viện Phổi Vĩnh Long,10.2306371,105.9990337
Bệnh viện Đa khoa khu vực kết hợp Quân dân y tỉnh Vĩnh Long,10.1724846,105.7764742
Bệnh viện Đa khoa khu vực Hoà Phú,10.1883992,105.9426585
Trung tâm Y tế huyện Ý Yên,20.3251016,106.0172557
Bệnh viện Đa khoa khu vực Mộc Châu,20.8484136,104.6193566
Bệnh Viện Đa Khoa Nam Am,20.6433343,106.5413128
Bệnh viện Nguyễn Đình Chiểu,10.2385235,106.3668604
Bệnh Viện Minh Đức,10.239841,106.3675547
Bệnh viện đa khoa tỉnh Ninh Thuận,11.5808106,109.004209
Trung tâm Y tế Đức Thọ,18.5145391,105.5936219
Bệnh viên Quân y 4,10.8895125,106.741575
Bệnh viện Đa khoa Quốc Tế S.I.S Cần Thơ,10.0154705,105.7387431
Bệnh Viện Đa Khoa Quốc Tế Nam Sài Gòn,10.7361021,106.6908392
Bệnh viện Phương Nam,10.7344138,106.7177492
Bệnh viện Việt Pháp,21.0036321,105.8404443
Bệnh viện Quân y 7,20.9423319,106.3258008
Bệnh viện Quân y 211,14.0126257,107.9955207
Bệnh viện Quân y 91,21.4121815,105.8601562
Bệnh viện Quân y 4,18.6950918,105.7058693
Chưa có tên,10.7322437,106.7178871
Trung tâm Y tế Châu Đốc,10.6992942,105.1031083
Trung tâm Y tế huyện Tam Nông,10.6771798,105.5630221
Bệnh viện Tĩnh Túc,22.6510293,105.8891007
Bệnh viện Đa khoa huyện Trùng Khánh,22.8385506,106.5267797
Chưa có tên,22.528889,106.517021
Trung tâm Y tế huyện Nguyên Bình,22.6516787,105.9631056
Trung tâm Y tế huyện Bảo Lâm,22.8288604,105.4914054
Trung tâm Y tế huyện Hạ Lang,22.6872339,106.6762621
Trung tâm Y tế huyện Hoà An,22.731469,106.1599105
Chưa có tên,22.6319063,102.4408572
Bệnh viện Quân dân y tỉnh Trà Vinh,9.9286503,106.3328979
Bệnh viện Quân dân y Bạc Liêu,9.2963873,105.6978656
Bệnh viện Quân dân y Cà Mau,9.1778519,105.1603558
Bệnh viện Y học cổ truyền tỉnh Lào Cai,22.4700344,103.989802
Bệnh viện Nội tiết tỉnh Lào Cai,22.4684527,103.9895904
Bệnh viện Sản Nhi tỉnh Lào Cai,22.4401635,104.0312103
Bệnh viện Đa khoa khu vực Lào Cai - Cam Đường,22.4935936,103.9580419
Bệnh viện Đa khoa khu vực Bắc Hà,22.5392791,104.2889994
Bệnh viện Đa khoa khu vực Bảo Thắng,22.3164281,104.1917598
Bệnh viện Đa khoa khu vực Bát Xát,22.546047,103.8852932
Bệnh viện Đa khoa khu vực Bảo Yên,22.2281353,104.4799992
Bệnh viện Đa khoa khu vực Văn Bàn,22.0900981,104.2508407
Bệnh viện Đa khoa số 4 tỉnh Lào Cai,22.3477405,103.8572444
Bệnh viện Đa khoa khu vực Si Ma Cai,22.6905821,104.2708918
Bệnh viện Đa khoa khu vực Bắc Quảng Trị,17.7571293,106.4338556
Bệnh viện Đa khoa Thường Tín,20.8686043,105.8589233
Bệnh viện Đa khoa Hồng Ngọc - Phúc Trường Minh,21.009478,105.7692152
Trung tâm Y tế quận Tây Hồ,21.0480654,105.8103421
Bệnh viện Đa khoa tỉnh Sơn La,21.3498406,103.9119105
Bệnh viện Phong và Da liễu tỉnh Sơn La,21.3480554,103.9129292
Bệnh viện Nội tiết tỉnh Sơn La,21.3491646,103.9144227
Bệnh viện Y dược cổ truyền tỉnh Sơn La,21.3550095,103.909415
Bệnh viện Phục hồi chức năng tỉnh Sơn La,21.3557738,103.9092031
Bệnh viện Tâm thần tỉnh Sơn La,21.3096758,103.9124289
Bệnh viện Mắt tỉnh Sơn La,21.3511225,103.9111933
Bệnh viện Đa khoa khu vực Mai Sơn,21.214085,104.1043782
Bệnh viện Phổi tỉnh Sơn La,21.2140749,104.1086831
Bệnh viện Đa khoa Khánh Hòa,12.2485342,109.1919559
Bệnh viện Đa khoa tỉnh Gia Lai,13.9824446,108.027834
Bệnh viện Đa khoa khu vực phía Nam,11.1733969,107.5226119
Bệnh viện Đa khoa 115 Nghệ An,18.7111645,105.6779236
Bệnh viện Phục hồi chức năng Nghệ An,18.806787,105.7233763
Bệnh viện Da liễu Nghệ An,18.6755699,105.6881458
Bệnh viện Mắt Nghệ An,18.7115372,105.6788192
Bệnh viện Nội tiết Nghệ An,18.693395,105.6738102
Bệnh viện Đa khoa khu vực Tây Bắc Nghệ An,19.311367,105.4165714
Bệnh viện Phổi Nghệ An,18.7487714,105.6431975
Bệnh viện Y học cổ truyền Nghệ An,18.6876752,105.6959739
Bệnh viện Đa khoa khu vực Tây Nam Nghệ An,19.0430535,104.8860185
Phòng Khám Bác Sĩ Gia Đình,16.4582724,107.5882713
Trung tâm Y tế huyện Bắc Sơn,21.9018143,106.3167032
Bệnh viện Đa khoa Đôn Lương,20.7992822,106.8976139
Bệnh viện Đa khoa Tiền Giang,10.393194,106.31452
Bệnh viện Ung bướu tỉnh Khánh Hoà,12.2781479,109.1814538
Bệnh viện Da liễu tỉnh Khánh Hoà,12.2782202,109.1833407
Bệnh viện Lao và Bệnh phổi tỉnh Khánh Hoà,12.2777146,109.1879165
Trung tâm Y tế thị xã Cửa Lò,18.7959964,105.7247524
Viện Pháp y Tâm thần Trung ương Biên Hòa,10.9693723,106.8451401
Trung tâm Y tế huyện Tiên Phước,15.4934571,108.2994072
Bệnh viện Phục hồi chức năng thành phố Đà Nẵng,16.0053318,108.2095449
Bệnh viện Y học cổ truyền thành phố Đà Nẵng,16.0057641,108.2106405
Bệnh viện Chỉnh hình và Phục hồi chức năng Hà Nội,21.1102767,105.4439101
Bệnh viện Đa khoa tỉnh Quảng Trị,16.7907478,107.1098754
Bệnh viện Đa khoa khu vực Triệu Hải,16.7564687,107.1918244
Bệnh viện Đa khoa Bình Điền,16.353529,107.5083049
Trung tâm Y tế Thuận Hóa,16.4566132,107.5768488
Bệnh viện Phục hồi chức năng Huế,16.4454213,107.586548
Bệnh viện Phục hồi chức năng tỉnh Thừa Thiên Huế (cơ sở 2),16.4782668,107.5880794
Bệnh viện Đa khoa khu vực Quảng Nam,15.8909554,108.2461835
Bệnh viện Đa khoa khu vực miền núi phía Bắc Quảng Nam,15.8850911,108.1182515
Bệnh viện Đa khoa khu vực Đặng Thuỳ Trâm,14.8168347,108.9609151
Bệnh viện Chỉnh hình và Phục hồi chức năng Quy Nhơn,13.7580656,109.2093373
Trung tâm Điều dưỡng Phục hồi chức năng tâm thần Việt Trì,21.3543626,105.3587329
Bệnh viện Chỉnh hình và Phục hồi chức năng Cần Thơ,10.0592399,105.7652127
Bệnh viện Sản - Nhi Kiên Giang,9.9731787,105.0982706
Bệnh viện Ung bướu Kiên Giang,9.9693406,105.0999938
Bệnh viện Tâm thần Kiên Giang,9.9264894,105.1450111
Trung tâm Y tế Hồng Lĩnh,18.5340078,105.6853689
Bệnh viện Trường Đại học Y Dược Cần Thơ,10.0346617,105.7552941
Bệnh viện Phổi Bình Thuận,10.9343327,108.0961539
Bệnh viện Da liễu Bình Thuận,10.9328823,108.0952084
Bệnh viện Lão khoa Trung ương,21.0036323,105.8395966
Bệnh viện Da liễu Trung ương,21.003801,105.8387631
Bệnh viện Tai-Mũi-Họng Trung ương,20.9996733,105.8405781
Nhà Thuốc Tiến Thuỷ,19.3254255,105.1871698
Trạm Y tế xã Phú Cường,21.2888825,105.4018143
Bệnh viện Phổi tỉnh Lai Châu,22.3796184,103.4808958
Trung tâm Y tế Lai Châu,22.4066007,103.4306307
Trung tâm Y tế Tân Uyên,22.1704872,103.7507739
Trung tâm Y tế Than Uyên,21.9516064,103.8800938
Trung tâm Y tế Mường Tè,22.386168,102.7915708
Trung tâm Y tế Nậm Nhùn,22.1476084,102.9998343
Bệnh viện Đa khoa tỉnh Điện Biên,21.3924674,103.0321988
Bệnh viện Phổi tỉnh Điện Biên,21.3838729,103.0366189
Bệnh viện Y học cổ truyền - Phục hồi chức năng tỉnh Điện Biên,21.383614,103.02396
Chưa có tên,21.4063963,103.0347197
Trung tâm Y tế huyện Nậm Pồ,21.808701,102.762497
Trung tâm Y tế Tủa Chùa,21.8509707,103.3552596
Trung tâm Y tế Tuần Giáo,21.5876931,103.4185892
Trung tâm Y tế Mường Ảng,21.5192677,103.2178231
Trung tâm Y tế Điện Biên Đông,21.3024978,103.2316751
Trung tâm Y tế huyện Điện Biên,21.3286392,103.0213939
Bệnh viện Đa khoa khu vực Vân Hồ - cơ sở Thảo Nguyên,20.8384716,104.6750252
Bệnh viện Đa khoa khu vực Bắc Yên,21.2426506,104.4398034
Bệnh viện Đa khoa khu vực Phù Yên,21.2587965,104.6443788
Bệnh viện Đa khoa khu vực Quỳnh Nhai,21.6379265,103.6373315
Bệnh viện Đa khoa huyện Sông Mã,21.0370938,103.7543154
Bệnh viện Đa khoa khu vực Sốp Cộp,20.9418011,103.6072992
Bệnh viện Đa khoa khu vực Thuận Châu,21.4309573,103.6946851
Bệnh viện Đa khoa khu vực Yên Châu,21.0500113,104.3077509
Bệnh viện Đa khoa số 1 tỉnh Lào Cai,21.682283,104.9066064
Bệnh viện Phổi tỉnh Yên Bái,21.6839131,104.9043802
Bệnh viện Đa khoa số 3 tỉnh Lào Cai,21.6137226,104.5060811
Bệnh viện Tâm thần tỉnh Yên Bái,21.7283246,104.8927038
Bệnh viện Y học cổ truyền tỉnh Yên Bái,21.727391,104.8938946
Bệnh viện Đa khoa Quốc tế Vinmec Times City,20.9959685,105.8666473
Trung tâm Y tế Hòn Đất,10.1789872,104.9391077
Bệnh viện Đại học Y Hà Nội - Cơ sở Hoàng Mai,20.9786327,105.8690445
Bệnh viện Chấn thương chỉnh hình - Phẫu thuật tạo hình Huế,16.4818944,107.6023658
Bệnh viện Nội tiết tỉnh Yên Bái,21.7177327,104.8819776
Bệnh viện Sản - Nhi tỉnh Yên Bái,21.7271262,104.8932764
Trung tâm Y tế khu vực Yên Bái,21.7075245,104.8784591
Trung tâm Y tế khu vực Trấn Yên,21.761428,104.8299238
Viện Y học dự phòng Quân đội,21.0121436,105.8217867
Bệnh viện Đa Khoa Quốc Tế VINMEC Cần Thơ,10.0260641,105.7699602
Trung tâm Y tế khu vực Văn Yên,21.8808369,104.6808583
Trung tâm Y tế khu vực Lục Yên,22.1052365,104.7638029
Trung tâm Y tế khu vực Văn Chấn,21.4766794,104.7364405
Trung tâm Y tế khu vực Trạm Tấu,21.4708062,104.3762318
Trung tâm Y tế khu vực Mù Cang Chải,21.8485974,104.0932775
Bệnh viện Đa khoa tỉnh Tuyên Quang,21.8268941,105.2028243
Bệnh viện Y dược cổ truyền tỉnh Tuyên Quang,21.8304934,105.2044278
Bệnh viện Suối khoáng Mỹ Lâm,21.7685878,105.1266002
Bệnh viện Phục hồi chức năng Hương Sen,21.8248938,105.2035646
Bệnh viện Phổi tỉnh Tuyên Quang,21.7798658,105.2032144
Bệnh viện Đa khoa khu vực ATK,21.8760638,105.433592
Bệnh viện Đa khoa tỉnh Bắc Kạn,22.1696418,105.8503754
Trung tâm Y tế khu vực Yên Sơn,21.7846694,105.220688
Trung tâm Y tế khu vực Hàm Yên,22.0373673,105.0414337
Trung tâm Y tế khu vực Sơn Dương,21.6944678,105.3956783
Bệnh viện Đa khoa khu vực Kim Xuyên,21.5587536,105.2785369
Trung tâm Y tế khu vực Chiêm Hoá,22.1457837,105.2709481
Trung tâm Y tế khu vực Na Hang,22.3470755,105.3791672
Bệnh viện Đa khoa khu vực Yên Hoa,22.5127528,105.4790197
Trung tâm Y tế khu vực Lâm Bình,22.4655885,105.2163954
Trung tâm Y tế khu vực Tuyên Quang,21.8174648,105.2169371
Trung tâm Y tế thành phố Bắc Kạn,22.1403179,105.8349174
Trung tâm Y tế huyện Pác Nặm,22.6135971,105.6719608
Trung tâm Y tế huyện Na Rì,22.2327674,106.1902019
Trung tâm Y tế huyện Ngân Sơn,22.4273584,106.0021004
Trung tâm Y tế huyện Chợ Đồn,22.1597495,105.600596
Trung tâm Y tế huyện Bạch Thông,22.266293,105.8798557
Trung tâm Y tế huyện Ba Bể,22.4535445,105.7398346
Trung tâm Y tế huyện Chợ Mới,21.9025439,105.7958186
Bệnh viện Tâm thần Thái Nguyên,21.5624841,105.8153644
Bệnh viện Y học cổ truyền Thái Nguyên,21.5725184,105.813075
Trung tâm Y tế huyện Sơn Động,21.3325457,106.8441963
Trung tâm Y tế huyện Hiệp Hoà,21.354303,105.9875811
Trung tâm Y tế huyện Tân Yên,21.3958322,106.1258609
Trung tâm Y tế huyện Việt Yên,21.2814746,106.0957761
Trung tâm Y tế huyện Yên Thế,21.4750943,106.1323064
Trung tâm Y tế huyện Lạng Giang,21.363372,106.2612878
Trung tâm Y tế thị xã Chũ,21.377891,106.5756937
Trung tâm Y tế huyện Yên Dũng,21.2027719,106.2479574
Trung tâm Y tế huyện Lục Nam,21.3077555,106.3858977
Bệnh viện Đa khoa tỉnh Lạng Sơn,21.8806352,106.7586336
Bệnh viện Phổi Lạng Sơn,21.8435942,106.7349865
Bệnh viện Y học cổ truyền tỉnh Lạng Sơn,21.9013111,106.740939
Trung tâm Y tế huyện Hữu Lũng,21.5026872,106.3488962
Trung tâm Y tế huyện Chi Lăng,21.6555791,106.5783728
Trung tâm Y tế huyện Lộc Bình,21.7550478,106.9269565
Trung tâm Y tế huyện Đình Lập,21.5467611,107.0926614
Trung tâm Y tế huyện Văn Lãng,22.0583833,106.6173101
Trung tâm Y tế huyện Bình Gia,21.9503175,106.3722193
Trung tâm Y tế xã Văn Quan,21.8661944,106.5419999
Bệnh viện Da liễu Nam Định,20.4501135,106.1815755
Bệnh viện Tâm thần Nam Định (khu B),20.4541409,106.1825722
hospital_TamThanND stories 2,20.4546427,106.1839781
Bệnh viện Phục hồi chức năng Nam Định,20.0334878,106.2254564
Bệnh viện Đa khoa huyện Hải Hậu,20.1946733,106.2956622
Trung tâm Y tế huyện Giao Thuỷ,20.28667,106.4477404
Trung tâm Y tế huyện Nghĩa Hưng (cơ sở Nghĩa Bình),20.0582497,106.1874762
Trung tâm Y tế huyện Nghĩa Hưng,20.2088144,106.1801171
Trung tâm Y tế huyện Trực Ninh,20.3221573,106.2698657
Trung tâm Y tế huyện Xuân Trường,20.3054842,106.3253938
Trung tâm Y tế Mỹ Lộc,20.4432125,106.1226406
Trung tâm Y tế huyện Vụ Bản,20.3756724,106.0784283
Bệnh viện Đa khoa Thuỷ Nguyên,20.9229234,106.6629675
Bệnh viện Đa khoa An Lão,20.8257146,106.5555185
Trung tâm Y tế Hải An,20.8327301,106.7228626
Trung tâm Y tế Đồ Sơn,20.7185128,106.7823585
Bệnh viện Đa khoa Vĩnh Bảo,20.6812284,106.4821659
Trung tâm Y tế Tiên Lãng,20.7179835,106.5539572
Trung tâm Y tế Kiến An,20.8130922,106.6262968
Trung tâm Y tế An Dương,20.8643614,106.6065038
Bệnh viện Mắt tỉnh Ninh Bình,20.2502379,105.9637031
Bệnh viện Phục hồi chức năng Ninh Bình,20.1644541,105.9292251
Bệnh viện Y học cổ truyền tỉnh Ninh Bình,20.2676133,105.9676861
Bệnh viện Đa khoa huyện Nho Quan,20.3174127,105.7502983
Trung tâm Y tế huyện Gia Viễn,20.3441757,105.8427851
Trung tâm Y tế huyện Hoa Lư,20.2965815,105.9524021
Trung tâm Y tế huyện Yên Khánh,20.1777322,106.0709613
Bệnh viện Y học cổ truyền Hòa Bình,20.8239952,105.3546013
Trung tâm Y tế khu vực Hoà Bình,20.8463898,105.332013
Trung tâm Y tế khu vực Lương Sơn,20.8750676,105.52808
Trung tâm Y tế khu vực Tân Lạc,20.6062346,105.2825271
Trung tâm Y tế khu vực Lạc Thuỷ,20.4883851,105.7780673
Trung tâm Y tế khu vực Mai Châu,20.6558295,105.0790795
Trung tâm Y tế khu vực Kim Bôi,20.6806171,105.5208157
Trung tâm Y tế khu vực Cao Phong,20.7090063,105.3268447
Trung tâm Y tế khu vực Lạc Sơn,20.4623224,105.4503329
Trung tâm Y tế khu vực Đà Bắc,20.8758132,105.2594512
Trung tâm Y tế khu vực Yên Thủy,20.3888972,105.6277138
Trung tâm Y tế khu vực Cẩm Khê,21.4157791,105.1370271
Bệnh viện Mắt tỉnh Phú Thọ,21.3293182,105.3796957
Trung tâm Y tế khu vực Tân Sơn,21.2143685,105.0141479
Trung tâm Y tế khu vực Đoan Hùng,21.6206569,105.1809622
Trung tâm Y tế huyện Tam Nông,21.2821399,105.2539481
Trung tâm Y tế khu vực Yên Lập,21.3473689,105.0527011
Trung tâm Y tế khu vực Hạ Hòa,21.5616461,105.0078999
Trung tâm Y tế khu vực Thanh Sơn,21.2197434,105.1801706
Bệnh viện Đa khoa khu vực Phú Thọ,21.3955165,105.2166212
Trung tâm Y tế khu vực Lâm Thao,21.3183898,105.2882793
Trung tâm Y tế khu vực Thanh Ba,21.4895578,105.1438826
Trung tâm Y tế khu vực Thanh Thuỷ,21.17821,105.284724
Trung tâm Y tế khu vực Phù Ninh,21.4315328,105.2894421
Bệnh viện Phổi tỉnh Phú Thọ,21.4012148,105.1935554
Bệnh viện Tâm thần tỉnh Phú Thọ,21.3968582,105.2170251
Bệnh viện Phục hồi chức năng Vĩnh Phúc,21.2879107,105.5916586
Bệnh viện Giao thông Vĩnh Phúc,21.235653,105.6839017
Trung tâm Y tế khu vực Phúc Yên,21.2543492,105.7118263
Trung Tâm Y Tế Dự Phòng,13.3133145,109.2162816
Bệnh viện Đa khoa khu vực Tuy An,13.3147163,109.2191318
Trung tâm Y tế huyện Yên Mô,20.1602843,106.0037702
Trung tâm Y tế thành phố Tam Điệp,20.1585656,105.9174014
Đơn nguyên Điều trị nội trú Lệ Ninh,17.2317378,106.6949359
Trung tâm Y tế huyện Đồng Xuân,13.3762074,109.1039516
Bệnh viện Quốc tế Vinmec,10.8360871,106.8456243
Bệnh viện Phục hồi chức năng tỉnh Thanh Hoá,19.7419512,105.9022782
Bệnh viện Đa khoa Lang Chánh,20.1537612,105.2374363
Bệnh viện Đa khoa Quan Sơn,20.2605092,104.9459974
Bệnh viện Đa khoa Mường Lát,20.5282495,104.5993006
Bệnh viện Đa khoa Quan Hoá,20.376707,105.1100109
Bệnh viện Đa khoa Bá Thước,20.3509775,105.2242059
Bệnh viện Đa khoa Cẩm Thuỷ,20.2043816,105.4655792
Bệnh viện Đa khoa Thường Xuân,19.8996558,105.347687
Bệnh viện Chấn thương - Chỉnh hình Nghệ An,18.6850646,105.7010429
Bệnh viện Đa khoa huyện Nghi Lộc,18.7859742,105.6680906
Bệnh viện Đa khoa huyện Diễn Châu,18.974678,105.5891197
Bệnh viện Đa khoa huyện Quỳnh Lưu,19.1754958,105.6536074
Bệnh viện Đa khoa huyện Thanh Chương,18.7774981,105.3393439
Bệnh viện Đa khoa huyện Đô Lương,18.8881787,105.3140854
Bệnh viện Đa khoa huyện Yên Thành,19.0160945,105.4430679
Trung tâm Y tế huyện Hưng Nguyên,18.6721972,105.6250319
Trung tâm Y tế huyện Nam Đàn,18.695932,105.5045911
Trung tâm Y tế thị xã Hoàng Mai,19.2458558,105.7044403
Trung tâm Y tế huyện Nghĩa Đàn,19.3396111,105.4871397
Trung tâm Y tế huyện Quỳ Hợp,19.3263676,105.1881886
Trung tâm Y tế huyện Tân Kỳ,19.0556858,105.2752742
Trung tâm Y tế huyện Quế Phong,19.6017164,104.9204351
Trung tâm Y tế huyện Quỳ Châu,19.5500342,105.1005809
Trung tâm Y tế huyện Kỳ Sơn,19.3915029,104.1776771
Bệnh viện Phổi Hà Tĩnh,18.366951,105.8998404
Bệnh viện Tâm thần Hà Tĩnh,18.3679349,105.9010212
Bệnh viện Mắt Hà Tĩnh,18.3404191,105.8864931
Trung tâm Y tế Hương Sơn - cơ sở 2,18.4573906,105.3063265
Trung tâm Y tế Hoành Sơn,18.0670211,106.3013027
Trung tâm Y tế Hương Khê,18.1744345,105.7060106
Bệnh viện Đa khoa Lộc Hà,18.4483954,105.8807898
Trung tâm Y tế Cẩm Xuyên,18.2522875,105.9954721
Trung tâm Y tế Can Lộc,18.4461694,105.7788161
Trung tâm Y tế Tiên Điền,18.6643694,105.7625747
Trung tâm Y tế Thạch Hà,18.3785656,105.8532189
Trung tâm Y tế Vũ Quang,18.3778484,105.5087429
Trung tâm Y tế Hương Sơn,18.5159811,105.426933
Bệnh viện Đa khoa khu vực Lệ Thuỷ,17.220171,106.78639
Bệnh viện Đa khoa khu vực Minh Hoá,17.8012009,105.973994
Bệnh viện Đa khoa khu vực Tuyên Hoá,17.8816654,106.0332777
Bệnh viện Đa khoa khu vực Bố Trạch,17.5892209,106.5193689
Trung tâm Y tế khu vực Quảng Trạch,17.8584361,106.433716
Bệnh viện Phổi tỉnh Quảng Trị,16.7910441,107.0901427
Bệnh viện Mắt Nam Quảng Trị,16.7950211,107.110313
Bệnh viện Y học cổ truyền và Phục hồi chức năng Nam Quảng Trị,17.0216145,107.1087626
Bệnh viện Đa khoa khu vực Vĩnh Linh,17.0739083,107.0092734
Trung tâm Y tế khu vực Gio Linh,16.9264341,107.0873113
Trung tâm Y tế khu vực Triệu Phong,16.7654251,107.1655497
Trung tâm Y tế khu vực Hải Lăng,16.7012436,107.2535005
Trung tâm Y tế khu vực Đakrông,16.6977142,106.8803432
Trung tâm Y tế huyện Đakrông - cơ sở 2,16.3950571,106.9879062
Trung tâm Y tế khu vực Triệu Phong - cơ sở 2,16.840553,107.1877118
Bệnh viện Y học cổ truyền tỉnh Thừa Thiên Huế,16.4806969,107.5634871
Bệnh viện Mắt Huế,16.4731061,107.6041137
Bệnh viện Răng Hàm Mặt Huế,16.4589498,107.5939899
Bệnh viện Tâm thần Huế,16.4639981,107.5602448
Bệnh viện Phổi Thừa Thiên Huế,16.4916864,107.5692378
Trung tâm Y tế Phú Xuân,16.45972,107.5637699
Trung tâm Y tế Phong Điền,16.5858159,107.3667163
Trung tâm Y tế Quảng Điền,16.5713377,107.51232
Trung tâm Y tế Hương Trà,16.5264212,107.4689864
Trung tâm Y tế Phú Vang,16.4452419,107.7089802
Trung tâm Y tế Hương Thuỷ,16.4086368,107.6882873
Trung tâm Y tế Phú Lộc - cơ sở Nam Đông,16.1693726,107.715081
Trung tâm Y tế A Lưới,16.2664012,107.2351611
Bệnh viện Ung bướu Đà Nẵng,16.0697057,108.1639233
Bệnh viện Y học cổ truyền thành phố Đà Nẵng (cơ sở 2),16.0660463,108.2220718
Bệnh viện Tâm thần thành phố Đà Nẵng,16.0795422,108.1459188
Bệnh viện Da liễu thành phố Đà Nẵng,16.0737867,108.1762198
Bệnh viện Đa khoa Nam Liên Chiểu,16.0557752,108.1621981
Trung tâm Y tế quận Hải Châu,16.0765046,108.2142367
Trung tâm Y tế quận Thanh Khê,16.0687125,108.1896135
Trung tâm Y tế quận Sơn Trà,16.0579051,108.2346537
Trung tâm Y tế quận Ngũ Hành Sơn,16.0083739,108.2571427
Trung tâm Y tế quận Cẩm Lệ,16.0098564,108.1951896
Trung tâm Y tế quận Liên Chiểu,16.0640276,108.1554429
Trung tâm Y tế huyện Hoà Vang,16.009734,108.1516407
Bệnh viện Phạm Ngọc Thạch Quảng Nam,15.5983206,108.4792161
Bệnh viện Tâm thần Quảng Nam,15.5992043,108.4800799
Bệnh viện Mắt Quảng Nam,15.6006719,108.4810964
Bệnh viện Da liễu Quảng Nam,15.5703509,108.4797345
Trung tâm Y tế thị xã Điện Bàn,15.8899508,108.2518361
Trung tâm Y tế thành phố Hội An,15.8805848,108.332732
Trung tâm Y tế huyện Duy Xuyên,15.8272048,108.2554638
Trung tâm Y tế huyện Thăng Bình,15.7361707,108.3487443
Trung tâm Y tế huyện Quế Sơn,15.6763708,108.2374733
Trung tâm Y tế huyện Nông Sơn,15.7180126,108.0601518
Trung tâm Y tế huyện Phước Sơn,15.4424372,107.7966812
Trung tâm Y tế huyện Nam Trà My,15.1514954,108.1121653
Trung tâm Y tế huyện Phú Ninh,15.5525686,108.418317
Bệnh viện Tâm thần - Cơ sở Lê Minh Xuân,10.7693286,106.5458486
Bệnh viện Đa khoa Tâm Anh,10.8024122,106.6662942
Trung tâm Y tế Quảng Ngãi,15.1177882,108.8131949
Bệnh viện Sản - Nhi tỉnh Quảng Ngãi,15.1201368,108.789826
Bệnh viện Y học cổ truyền tỉnh Quảng Ngãi,15.1203762,108.7891685
Bệnh viện Y học cổ truyền - Phục hồi chức năng Bình Thuận,10.9409376,108.1231309
Bệnh viện Tâm thần tỉnh Quảng Ngãi,15.1063161,108.7904633
Bệnh viện Lao và Bệnh phổi tỉnh Quảng Ngãi,15.1030479,108.7794526
Bệnh viện Nội tiết tỉnh Quảng Ngãi,15.1069205,108.8111938
Trung tâm Mắt tỉnh Quảng Ngãi,15.1118446,108.7871048
Trung tâm Y tế Bình Sơn,15.2950228,108.7580742
Trung tâm Y tế Sơn Tịnh,15.1524006,108.7844913
Trung tâm Y tế Tư Nghĩa,15.0887941,108.8175313
Trung tâm Y tế Mộ Đức,14.9884901,108.8760093
Trung tâm Y tế Ba Tơ,14.7672644,108.7298565
Trung tâm Y tế Nghĩa Hành,15.0418838,108.7747823
Trung tâm Y tế Minh Long,14.9334799,108.7051155
Trung tâm Y tế Trà Bồng,15.2564543,108.5198352
Trung tâm Y tế Sơn Hà,15.0421231,108.471703
Trung tâm Y tế Sơn Tây,14.9813914,108.3348996
Bệnh viện Y học cổ truyền và Phục hồi chức năng Quy Nhơn,13.7947713,109.1779608
Trung tâm Y tế Quy Nhơn,13.7747431,109.2374693
Bệnh viện Mắt tỉnh Gia Lai,13.7736829,109.2402522
Bệnh viện Lao và Bệnh phổi Quy Nhơn,13.7985807,109.1688847
Bệnh viện Tâm thần Quy Nhơn,13.7972991,109.1688284
Trung tâm Y tế Phù Mỹ,14.1701748,109.0479517
Trung tâm Y tế huyện An Lão,14.6118493,108.8873509
Trung tâm Y tế huyện Vân Canh,13.6208783,108.9985918
Bệnh viện Y dược cổ truyền - Phục hồi chức năng tỉnh Kon Tum (cơ sở 3),14.3399214,107.9742097
Trung tâm Điều trị và Nuôi dưỡng người bệnh tâm thần Kon Tum,14.351157,108.026795
hospital_TamTriNT stories 4,12.2125054,109.1950558
Bệnh viện Quốc tế Mỹ AIH,10.79377,106.7468051
Nhà hộ sinh Đống Đa,21.0169494,105.8332492
Trạm Y tế phường Dịch Vọng,21.0332587,105.793479
Bệnh viện Đa Khoa Huyện Tây Hòa,12.9991362,109.2394647
Trạm Y tế phường Bình Trưng Đông,10.7896008,106.7720079
Bệnh viện Mắt - Da liễu tỉnh Cà Mau,9.1728976,105.1601598
Bệnh viện Đa khoa khu vực Cà Mau,9.1804683,105.145586
Bệnh viện Chuyên khoa Tâm thần Cà Mau,9.296478,105.7584646
Bệnh viện Lao và Bệnh phổi Bạc Liêu,9.2967845,105.759088
Bệnh viện Mắt Đắk Lắk,12.6853068,108.0418187
Bệnh viện Đa khoa khu vực 333,12.8109307,108.5217284
Trung tâm Y tế huyện Tuy Đức,12.2125197,107.4769661
Bệnh viện Đa khoa huyện Cầu Ngang,9.7923269,106.4505047
Bệnh viện Đa khoa Huyện Krông Nô,12.4856427,107.8619135
Trung tâm Y tế Ia H'Drai,14.1216871,107.4562257
Bệnh viện Y Dược cổ truyền và Phục hồi chức năng tỉnh Gia Lai,13.9890496,108.0261058
Bệnh viện Lao và Bệnh phổi tỉnh Gia Lai,13.9992103,108.0558719
hospital_TamThanKinhGiaLai stories 3,13.9990155,108.0575788
Trung tâm Y tế thị xã An Khê,13.9600662,108.6745301
Trung tâm Y tế thị xã Ayun Pa,13.4039133,108.4255994
Bệnh viện 331,14.0303159,107.9907436
Bệnh viện Nhi tỉnh Gia Lai,13.9890986,108.0417604
Trung tâm Y tế Chư Păh,14.0958013,107.9726797
Trung tâm Y tế huyện Ia Grai,13.9650308,107.8429154
Trung tâm Y tế huyện Đức Cơ,13.8054895,107.6924674
Trung tâm Y tế huyện Đak Đoa,13.9954084,108.1093817
Trung tâm Y tế huyện Mang Yang,14.0340655,108.2486435
Trung tâm Y tế huyện Kbang,14.1414595,108.5995985
Trung tâm Y tế huyện Đak Pơ,13.9696847,108.550928
Trung tâm Y tế huyện Kông Chro,13.7739215,108.5285456
Trung tâm Y tế huyện Ia Pa,13.5304314,108.4594795
Trung tâm Y tế huyện Phú Thiện,13.5186088,108.3052679
Trung tâm Y tế huyện Krông Pa,13.1882942,108.6833831
Trung tâm Y tế huyện Chư Pưh,13.5668174,108.0930103
Trung tâm Y tế Xã Chư Sê,13.6954301,108.0811822
Trung tâm Y tế huyện Chư Prông,13.7618243,107.8886555
Bệnh viện Đa khoa Buôn Hồ,12.9111388,108.2687246
Trung tâm Y tế huyện Buôn Đôn,12.809576,107.8892039
Trung tâm Y tế huyện Ea Súp,13.075368,107.8885186
Trung tâm Y tế huyện Krông Ana,12.4783926,108.0356304
Trung tâm Y tế huyện Krông Bông,12.5144876,108.3381783
Trung tâm Y tế huyện Ea H'leo,13.2013423,108.2139552
Trung tâm Y tế huyện Krông Búk,13.0505434,108.2145402
Trung tâm Y tế huyện Krông Năng,12.9494751,108.3380401
Trung tâm Y tế huyện Cư M'gar,12.8201804,108.0738919
Trung tâm Y tế huyện M'Dắk,12.7547922,108.7382214
Trung tâm Y tế huyện Ea Kar,12.8051431,108.4496953
Trung tâm Y tế huyện Krông Pắc,12.7062049,108.3012816
Trung tâm Y tế huyện Cư Kuin,12.6266574,108.1273015
Trung tâm Y tế huyện Lắk,12.4055332,108.1888591
Trung tâm Y tế Huyện Đắk Mil,12.4360285,107.6148082
Bệnh viện Nhi Hà Nội,20.9621783,105.7440708
Trung Tâm Kiểm Soát Bệnh Tật tỉnh Quảng Trị,17.4846643,106.5712836
Bệnh viện Quân Dân y Miền Đông,10.8448592,106.7777477
Trung Tâm Y Tế Huyện Duyên Hải,9.6097195,106.4475694
Trung tâm Y tế huyện Sơn Hòa,13.0475418,108.9794671
Trạm Y Tế Xã Sơn Hà,13.0629972,109.0301221
Bệnh viện Đa khoa Sông Cầu,13.4619108,109.2236587
Bệnh viện Đa khoa khu vực Tiểu Cần,9.8093499,106.1857095
Bệnh viện Mắt Hà Nội (Cơ sở Hà Đông),20.9716065,105.7730029
Bệnh viện Đa khoa khu vực Cù Lao Minh,10.1211738,106.3135695
Bệnh viện Đại học Phenikaa,21.0387401,105.7520043
Bệnh viện Bưu điện,20.990462,105.831309
Bệnh viện Than - Khoáng sản,20.9887265,105.8393028
Trạm Y tế phường Phương Liễu,21.1602921,106.1260995
Trạm Y tế phường Bồng Lai,21.1260013,106.1576711
Phòng khám Đa khoa Hoàn Mỹ,21.1570949,106.1333168
Trạm Y tế phường Bằng An,21.1712008,106.1660437
Bệnh viện Đa khoa khu vực Mèo Vạc,23.1725036,105.4110755
Trạm Y tế phường Phù Chẩn,21.094283,105.9694159
Bệnh xá Công an tỉnh Bắc Ninh,21.1761097,106.0573483
Trạm Y Tế xã Thẳm Dương,22.0486086,104.112242
Trạm Y tế phường Vũ Ninh,21.189261,106.0807506
Bệnh viện Sức khoẻ Tâm thần tỉnh Bắc Ninh,21.1898271,106.0889369
Bệnh viện Quân y 15,14.038424,107.9768342
Bệnh viện Đa khoa Hồng Phúc,21.1679488,106.0460733
Trạm Y tế phường Trang Hạ,21.1200605,105.9529687
Trạm Y tế phường Châu Khê,21.1140789,105.9287852
Trạm Y tế phường Đại Xuân,21.1940041,106.1259773
Bệnh viện KUSUMI,20.9635258,105.9326261
Trung tâm Y tế khu vực Bảo Lâm,11.6192098,107.8393586
Phòng Y Tế Thị xã Quế Võ,21.1498669,106.153947
Trạm Y tế phường Nhân Hòa,21.1852892,106.1461534
Trạm Y tế phường Phượng Mao,21.1522661,106.1421954
Trạm Y tế phường Ninh Xá,21.1781881,106.0604329
Trạm Y tế xã Liên Bão,21.1261942,106.0289382
Trạm Y tế phường Vệ An,21.1847629,106.0625317
Trạm Y tế phường Khúc Xuyên,21.1829724,106.0435262
Trạm Y tế phường Tiền Ninh Vệ,21.1804689,106.0656926
Trạm Y tế phường Suối Hoa,21.1819987,106.0711993
Trạm Y tế xã Nội Duệ,21.1354062,106.008017
Bệnh Viện Đa Khoa Xuyên Á,10.9283804,106.5581117
Bệnh viện Y học cổ truyền Phạm Ngọc Thạch,11.9481144,108.4594477
Bệnh viện Sản - Nhi tỉnh Lâm Đồng,11.9730232,108.4344153
Trạm Y tế phường Việt Hùng,21.1472276,106.1673013
Trạm Y tế phường Hòa Long,21.2167351,106.0539794
Bệnh viện Bến Sắn,11.0454588,106.7449853
Trạm Y tế xã Phù Lãng,21.152271,106.2455639
area 09,21.0023669,105.9435612
Trạm Y tế phường Đại Phúc,21.1734792,106.0782557
Trạm Y tế phường Võ Cường,21.1681194,106.0484832
Bệnh viện Mắt Hà Nội - Đồng Nai,10.9436687,106.8590203
Trạm Y tế phường Đáp Cầu,21.2011424,106.1013209
Trạm Y tế phường Kim Chân,21.1937606,106.1079708
Trạm Y tế phường Vạn An,21.1942989,106.0471796
Trạm Y tế phường Khắc Niệm,21.1417023,106.0570501
Trung tâm Quân Dân Y Côn Đảo (mới),8.6932146,106.5996987
Bệnh viện Đa khoa Xuyên Á,10.2612388,105.9404921
Bệnh viện Đa khoa Thành phố Vĩnh Long,10.2612939,105.941658
Trung tâm Y tế huyện Cầu Kè,9.8688933,106.0540682
Bệnh viện Đa khoa tỉnh Quảng Ninh (cơ sở 2),21.0225973,106.9867113
Bệnh viện Đa khoa khu vực Quảng Yên,20.9387102,106.8316463
Bệnh viện Đa khoa khu vực Móng Cái (cơ sở 3),21.3531545,107.6014266
Bệnh viện Đa khoa khu vực Móng Cái (cơ sở 2),21.4489198,107.7520071
Bệnh viện Đa khoa khu vực Tiên Yên (cơ sở 2),21.2716714,107.2885923
Bệnh viện Đa khoa khu vực Tiên Yên (cơ sở 3),21.529363,107.4003629
Trạm Y tế xã Đức Long,21.1185945,106.276322
Trung tâm Y tế khu vực Bù Đăng,11.8044922,107.2293064
Bệnh Viện Răng Hàm Mặt Nghệ An,18.7102728,105.6769964
Bệnh viện Phụ sản Hà Nội (cơ sở 2),21.0110832,105.8602894
Bệnh viện Phụ sản Hà Nội (cơ sở 3),20.9721687,105.7765643
Bệnh Viện Hoàn Mỹ Vinh,18.6985043,105.6891326
Bệnh viện đa khoa Sài Gòn Nha Trang,12.2583221,109.1694482
Bệnh viện đa khoa tỉnh Cao Bằng - Khoa nội tiết,22.6572683,106.2651475
Chưa có tên,22.6575237,106.2654672
Bệnh viện Đa Khoa khu vực Cam Ranh,11.9205947,109.1452643
Bệnh viện Đại Học Nam Cần Thơ,10.0012067,105.7688101
Trạm y tế Mễ Trì,21.0117954,105.7757929
Trung tâm Y tế Phú Lộc - cơ sở Chân Mây,16.2825625,107.9383269
Trung tâm Y tế Kỳ Anh,18.1736024,106.222102
Bệnh viện Đa khoa khu vực Mường La,21.5074047,104.0184367
Trung tâm Y tế khu vực Việt Trì,21.3348803,105.3748921
Bệnh viện Xây dựng Việt Trì,21.3070025,105.4147726
Trung tâm Y tế Cát Hải,20.7351959,107.0427575
Trung tâm Y tế Dương Kinh,20.7954788,106.7040132
Trạm Y tế phường Quế Tân,21.1673709,106.1898061
Bệnh viện Y học cổ truyền Ninh Thuận,11.5832067,109.003822
Bệnh viện Lao và Bệnh phổi Ninh Thuận,11.5643965,108.9814738
Bệnh viện Đa khoa huyện Châu Thành,10.2579939,105.8634943
Bệnh viện Đa khoa Khánh Vĩnh,12.2822952,108.9187204
Bệnh xá Quân Y,10.2324047,105.9577332
Trung tâm Y tế Thuận Bắc,11.7103614,109.0558269
Trung tâm Y tế Tuy Phong,11.2293445,108.727998
Trạm Y tế phường Tam Sơn,21.1468655,105.9707744
Trạm Y tế phường Trí Quả,21.0462459,106.0302158
Trạm Y tế xã Việt Đoàn,21.1094224,106.0372549
Bệnh viện Đa khoa Tràng An,21.0256896,105.8353259
Trạm Y tế phường Đồng Nguyên,21.1274214,105.9728589
Bệnh viện đa khoa Yersin Nha Trang,12.2382514,109.1650726
Bệnh viện Đa khoa Hoàn Mỹ Cửu Long,10.0058173,105.7997438
Trạm Y tế phường Xuân Lâm,21.0245635,106.0198526
Trạm Y tế phường Song Hồ,21.0631663,106.0833823
Bệnh viện Đa khoa Ngã tư Hồ,21.0656937,106.0865916
Trạm Y tế xã Lạc Vệ,21.1225839,106.0813057
Trạm Y tế xã Mộ Đạo,21.1175221,106.1443232
Chưa có tên,20.942641,105.9481028
Trạm Y tế xã Đại Đồng Thành,21.0753721,106.0573939
Trung tâm Y tế khu vực Cam Lộ,16.8076705,107.0045443
Chưa có tên,17.3024575,106.6619659
Trạm Y tế phường An Bình,21.0463292,106.1154971
Trạm Y tế xã Yên Trung,21.2197638,105.9843686
Trạm Y tế xã Thụy Hòa,21.2088181,106.0181709
Bệnh viện Đa khoa khu vực Quảng Yên (cơ sở 2),21.034621,106.7738613
Bệnh viện Đa khoa Nam Định (khu B),20.4251922,106.1722251
Trung tâm Y tế Hoài Nhơn,14.5573646,109.0475898
Bệnh viện Đa khoa Trần Lãm,20.4344489,106.3494096
Trạm Y tế xã Cảnh Hưng,21.0834221,106.0288244
Trạm Y tế phường Đào Viên,21.11356,106.206368
Bệnh viện Phổi Đồng Tháp,10.4681022,105.709393
Bệnh viện Tâm thần Đồng Tháp,10.4671098,105.7088686
Bệnh viện Đa khoa khu vực Tháp Mười,10.5205501,105.8413855
Trung tâm Y tế khu vực Cao Lãnh 2,10.4386917,105.6996918
Bệnh viện Tâm thần ban ngày Mai Hương,20.9987722,105.8512988
Trạm y tế xã Hoài Đức - Điểm y tế Di Trạch,21.0479052,105.72273
Trung tâm Y tế Phủ Lý,20.5512863,105.9254033
Trung tâm Y tế khu vực Bàu Bàng,11.2578041,106.6096962
Bệnh viện Quân dân y thành phố Cần Thơ,10.085633,105.434759
Trung tâm Y tế khu vực Cái Răng,9.9987336,105.7590495
Trung tâm Y tế khu vực Thới Lai,10.0666929,105.5474487
Bệnh viện 30 tháng 4 tỉnh Sóc Trăng,9.5810349,105.9865142
Bệnh viện chuyên khoa 27 tháng 2 tỉnh Sóc Trăng,9.5793786,105.9764667
Bệnh viện Phổi tỉnh Hậu Giang,9.7690015,105.4495313
Bệnh viện Đa khoa tỉnh Hậu Giang,9.7705534,105.4508957
Chưa có tên,20.9542406,105.9909286
Trung tâm Y tế Rạch Giá,9.9981885,105.0922838
Trung tâm Y tế Hà Tiên,10.3728244,104.491126
Bệnh viện Phổi Kiên Giang,9.9254158,105.1441008
Trung tâm Y tế khu vực Lộc Ninh,11.8520313,106.5906588
Trung tâm Y tế khu vực Hớn Quản,11.5775962,106.6092295
Trung tâm Y tế khu vực Đồng Xoài,11.5355485,106.9109726
Trung tâm Y tế khu vực Chơn Thành,11.4318756,106.6381029
Trung tâm Y tế khu vực Bù Gia Mập,11.9295648,107.0073552
Trung tâm Y tế khu vực Đạ Huoai,11.5012451,107.4817601
Trung tâm Y tế khu vực Lạc Dương,12.0082688,108.4074842
Trung tâm Y tế khu vực Đam Rông,12.071798,108.1501466
Bệnh viện Phục hồi chức năng tỉnh Lâm Đồng,11.9460869,108.4640367
Trung tâm Y tế khu vực Di Linh,11.5695067,108.0713196
Trung tâm Y tế khu vực Đức Trọng,11.7553939,108.3918128
Trung tâm Y tế khu vực Đạ Huoai,11.5807053,107.3559266
Trung tâm Y tế khu vực Đạ Huoai,11.3916902,107.5354162
Trung tâm Y tế khu vực Lâm Hà,11.785496,108.2585883
Trung tâm Y tế khu vực Đơn Dương,11.7572671,108.4843394
Bệnh viện Mắt Quốc tế Việt - Nga Hà Nội,21.0389593,105.7936087
Bệnh Viện Mắt Sài Gòn Cần Thơ,10.0096964,105.7520588
Bệnh viện Đa khoa quốc tế Mặt Trời,21.0641963,105.7905128
Bệnh viện Phục hồi chức năng tỉnh Đắk Lắk,13.1719582,109.2930044
Bệnh viện Da liễu tỉnh Đắk Lắk (cơ sở 2),12.6896647,108.0400509
Bệnh viện Da liễu tỉnh Đắk Lắk,13.0913153,109.292242
Bệnh viện Sản - Nhi tỉnh Đắk Lắk,13.090568,109.3185582
Trạm Y tế xã Hoàn Sơn,21.1090993,105.9951628
Trạm y tế xã Xuân Canh,21.0933898,105.8521612
Phòng khám Đa Khoa Quốc Tế Việt Sing - Bắc Ninh,21.1732812,106.0546936
Trạm Y Tế phường Quế Võ,21.1548648,106.1520219
Trạm y tế xã Ngọc Hồi,20.9071256,105.8305274
Bệnh viện Da liễu Bắc Ninh,21.2085335,106.0509606
Chưa có tên,20.9401779,105.9570972
Sun Group International Hospital,10.0388036,104.0067047
Bệnh viện Châm Cứu Trung Ương,21.0082178,105.8193783
Trung tâm Y tế Khu vực Chợ Lớn (Cơ sở 2),10.7538853,106.6669045
Trạm Y tế xã Chi Lăng,21.0948026,106.1347886
Trạm Y tế xã Minh Đạo,21.0862227,106.059415
Trạm Y tế xã Đông Phong,21.1913643,106.0141909
Trạm Y tế xã Tam Đa,21.2231628,106.0322293
Bệnh viện chuyên khoa Nam học và Hiếm muộn Việt - Bỉ,20.9867893,105.839933
Trạm Y tế xã Phú Lâm,21.1668247,106.0014067
Trạm Y tế xã Hòa Tiến,21.2079992,105.9186393
Trạm Y tế xã Trung Nghĩa,21.1866136,105.9612882
Trạm Y tế xã Yên Phụ,21.2014351,105.9257631
Trạm Y tế xã Đông Thọ,21.1690224,105.9506126
Trạm Y tế phường Hương Mạc,21.1519678,105.9297731
Trạm Y tế phường Đông Ngàn,21.1174859,105.9643629
Trung tâm Y tế phường Đình Bảng,21.1123364,105.9536442
Trạm Y tế xã Văn Môn,21.1676351,105.9300181
Trạm Y tế phường Phù Lương,21.1547238,106.2060455
Chưa có tên,20.7005936,106.7879939
Bệnh viện Công an Thành phố Hồ Chí Minh,10.7516111,106.6605225
Bệnh viện Y học cổ truyền tỉnh Cao Bằng,22.6692349,106.2230817
Trạm Y tế thị trấn Gia Bình,21.0530596,106.1739755
Trạm Y tế thị trấn Thứa,21.0193263,106.2031324
Bệnh viện Việt Nam - Cuba,21.0246213,105.8502197
Trung tâm Y tế thành phố Long Xuyên,10.3745695,105.4406646
Bệnh viện Nguyễn Tri Phương,10.7551268,106.670238
Bệnh viện Đa khoa trung tâm tỉnh Gia Lai,13.7673297,109.225256
Bệnh viện Nhân dân 115,10.7745844,106.6665349
Bệnh viện Đa khoa Kiên Giang,9.9726371,105.0985589
Trung tâm Y tế huyện Bắc Trà My,15.3422616,108.218108
Bệnh viện Phong - Da liễu Trung ương Quỳnh Lập,19.2617532,105.7727254
Bệnh viện Tâm thần Trung ương 1,20.8711493,105.8438433
Bệnh viện 19-8,21.0332206,105.7778031
Bệnh viện Y học cổ truyền Trung ương,21.0161461,105.8482711
Bệnh viện Lão khoa - Phục hồi chức năng tỉnh Quảng Ninh,20.9637297,106.938735
Bệnh viện Bãi Cháy,20.9760072,107.0145611
Hospital VINMEC,12.2126611,109.2107927
